filename,LEVEL_2,LEVEL_3,LEVEL_4,LEVEL_5,LEVEL_6,LEVEL_7
33-Left_jpg.rf.abb211b0593ee1846893e3c5c97b7ff2.jpg,0,1,0,0,0,0
13-Front_jpg.rf.5d49743790af2ec50039b5ae690ee841.jpg,0,0,0,0,1,0
5-Front_jpg.rf.0bc1b3452379b62544e7531a5e692e05.jpg,0,0,0,0,0,1
23-Front_jpg.rf.78f0b19c94356f2743dab11ad0378978.jpg,0,0,1,0,0,0
16-Right_jpg.rf.30731d3bc491c791b872e939eaea95de.jpg,0,0,0,0,0,1
16-Back_jpg.rf.f2cc3b4ef806fd17976e64b1e9326a75.jpg,0,0,0,0,0,1
14-Front_jpg.rf.e1320f38eff765c828d6bb08f47a0dc4.jpg,0,0,0,0,0,1
17-Left_jpg.rf.dd7c2c57a0bff972388c9f2708005ebf.jpg,0,0,0,0,0,1
15-Left_jpg.rf.2b9c8fc52b069844ffb78b881c593e08.jpg,0,0,0,0,1,0
57-Right_jpg.rf.e64a604ae3d37348a46a52999d078d24.jpg,0,1,0,0,0,0
8-Top-Down_jpg.rf.a5de39b79bbbb5b5ae2eefcb8beeae2f.jpg,0,0,0,0,0,1
14-Back_jpg.rf.74a9ad244de1a68e0ab3930e782bdd41.jpg,0,0,0,0,1,0
14-Front_jpg.rf.1ab935e249d05038d539e2fba0686b3f.jpg,0,0,0,0,1,0
5-Left_jpg.rf.3b6f958ad27d430f10b015feb33d329e.jpg,0,0,0,0,0,1
7-Front_jpg.rf.53f7409249e4690cac516ef72505574a.jpg,0,0,0,0,0,1
14-Back_jpg.rf.f00fa30b8a171a3754a96284233eb3dc.jpg,0,0,0,0,0,1
13-Top-Down_jpg.rf.ada20b61a3d350c2e7ac941c374e2266.jpg,0,0,0,0,1,0
13-Right_jpg.rf.ddbf274608977bdfbd2e80abe3d4d802.jpg,0,0,0,0,1,0
23-Back_jpg.rf.5695a4939e17ab59dfd8f7813b251839.jpg,0,0,1,0,0,0
6-Back_jpg.rf.cf267b26e8173fc57441283cbb12e992.jpg,0,0,0,0,0,1
16-Left_jpg.rf.32710e554d0940bf3f85d732b2e28ea5.jpg,0,0,0,0,0,1
15-Right_jpg.rf.2e1b9e39d928e4913aef8aee28c0508f.jpg,0,0,0,0,1,0
5-Top-Down_jpg.rf.541239d6a53864688c7c5aaf99cd00c7.jpg,0,0,0,0,0,1
2-Front_jpg.rf.a5eadaad7a22a0bd4f58ca2c63e7b344.jpg,0,0,0,0,0,1
6-Front_jpg.rf.4430bf05422047e7470145a9be036504.jpg,0,0,0,0,0,1
4-Left_jpg.rf.10c023ee9880011c3ebc024b6070cc25.jpg,0,0,0,0,0,1
6-Right_jpg.rf.b4032b3ce6bd4d36d9c2390b0bb94c3c.jpg,0,1,0,0,0,0
1-Front_jpg.rf.5146678eca69a2885d0150e3465dfbab.jpg,0,0,0,0,0,1
6-Left_jpg.rf.244af2d44d1c25b46d887a49b3aa1161.jpg,0,0,0,0,0,1
16-Right_jpg.rf.9204738d765005fe18f9375e917eceae.jpg,0,0,0,0,1,0
17-Front_jpg.rf.8923149b14f22f919ccb25b9ee48ce9e.jpg,0,0,0,0,0,1
14-Top-Down_jpg.rf.6eea3c41e430a6036b05e7fb89195da7.jpg,0,0,0,0,0,1
16-Front_jpg.rf.36427edce82ad20168a7318f974a0e8c.jpg,0,0,0,0,1,0
48-Front_jpg.rf.e156549125a45ff9cbc4e2cd00c0b8c0.jpg,0,1,0,0,0,0
39-Left_jpg.rf.4aa09eaa29df0f10e09b157bd38a59d1.jpg,0,1,0,0,0,0
39-Top-Down_jpg.rf.dc200b5fb0d1f1e7e49687ceb6c7c772.jpg,0,1,0,0,0,0
2-Left_jpg.rf.d809f3130cdcecc1ebe34573be252cac.jpg,0,0,0,0,1,0
6-Right_jpg.rf.d9846a89570bb7cec9835608009b2fe7.jpg,0,0,0,0,0,1
16-Back_jpg.rf.7d80c8d8c3c8326ab8b3765e67ea7e2d.jpg,0,0,0,0,1,0
15-Front_jpg.rf.7ff92332ac8ea73c2bafdbd47ae1460a.jpg,0,0,0,0,0,1
2-Back_jpg.rf.1fb5adb3ca16bdeb9d2c6e67aff7aba2.jpg,0,0,0,0,1,0
13-Front_jpg.rf.fb039281eddcb882cb42b5b7b4203a79.jpg,0,0,0,0,0,1
4-Top-Down_jpg.rf.fb13c7b737fba889642463b5e58022ac.jpg,0,1,0,0,0,0
5-Right_jpg.rf.2e387730d812ee3bb11af1527f1df134.jpg,0,0,0,0,0,1
39-Right_jpg.rf.a312743ee05dff1515f6159511fbdd78.jpg,0,1,0,0,0,0
8-Back_jpg.rf.2427276c6a237ea9fb6c7c98479d9bfd.jpg,0,0,0,0,0,1
33-Front_jpg.rf.5efefa43ddd90711b9a5f85e0b8e3672.jpg,0,1,0,0,0,0
48-Left_jpg.rf.3a5df5f9468d26986638d665c75b4d64.jpg,0,1,0,0,0,0
4-Front_jpg.rf.e2b8a30e36ea563687a98cee140902a8.jpg,0,1,0,0,0,0
34-Right_jpg.rf.5ac21412275db3eca047bc9c2efb029f.jpg,0,1,0,0,0,0
1-Left_jpg.rf.bb569aafa17a754b923d505ba6e7d8e5.jpg,0,0,0,0,0,1
19-Back_jpg.rf.89faabcacd6a5f6d2f8af3c508032239.jpg,0,0,0,0,1,0
9-Back_jpg.rf.a31dec7061b44c169a016e85d092baf7.jpg,0,0,0,0,0,1
37-Front_jpg.rf.e8d4e07bc55b4f4c619132afb45d4442.jpg,0,1,0,0,0,0
33-Front_jpg.rf.316c3c9918167a46412d4a1b6ef2efac.jpg,0,1,0,0,0,0
48-Right_jpg.rf.1466984ee59edd45a853cd96625f1c1d.jpg,0,1,0,0,0,0
34-Top-Down_jpg.rf.828ac51c9ab2bcb41e0e73cbfb36451e.jpg,0,1,0,0,0,0
2-Top-Down_jpg.rf.0a05e5886fce17f9ee9e54488d4a864b.jpg,0,0,0,0,1,0
37-Right_jpg.rf.cb6ac9dbbad718ca33ff911e552a7ee3.jpg,0,1,0,0,0,0
38-Right_jpg.rf.3e63578d1155a25d89d346c9f2a119f8.jpg,0,1,0,0,0,0
51-Back_jpg.rf.a9d5e23b255a8089a4cb49313f03e730.jpg,0,1,0,0,0,0
33-Top-Down_jpg.rf.6b0aab9047c50292ab446f91227e6cbd.jpg,0,1,0,0,0,0
38-Left_jpg.rf.4ad52184157fd3074d28268710313776.jpg,0,1,0,0,0,0
34-Back_jpg.rf.54db6b9f6d565882fd0198e59ca55b2c.jpg,0,1,0,0,0,0
4-Right_jpg.rf.2294cf02f8c5823dd30e35e8560c762b.jpg,0,0,0,0,0,1
37-Top-Down_jpg.rf.c2f60839287b2772796aa6cff4218f8b.jpg,0,1,0,0,0,0
1-Right_jpg.rf.bbb4c6ee882269d516e9481e6dc7f030.jpg,0,0,0,0,0,1
15-Back_jpg.rf.e0c2f128ac9f602a043938652fd08dc9.jpg,0,0,0,0,1,0
16-Top-Down_jpg.rf.337297a303cd5caf6dfdf54ab77a3425.jpg,0,0,0,0,1,0
51-Left_jpg.rf.eeede9e16871463436c2e7ddafa97343.jpg,0,1,0,0,0,0
57-Back_jpg.rf.b45df1ca18d75ff859de15fc48f3aab5.jpg,0,1,0,0,0,0
19-Left_jpg.rf.c7ec8866e1e855e7e0bd5260c4405cb3.jpg,0,0,0,0,1,0
57-Front_jpg.rf.ddf235e9dc67e0d2f9807ecee914a8d1.jpg,0,1,0,0,0,0
33-Left_jpg.rf.590c24045a007edafd9da3c57ab64869.jpg,0,1,0,0,0,0
34-Left_jpg.rf.42e04f039f28afd8451c43d412cf4c13.jpg,0,1,0,0,0,0
57-Right_jpg.rf.161fa6757e1467ef38a974f71cd8af7d.jpg,0,1,0,0,0,0
48-Top-Down_jpg.rf.67b568bfc52870ab5ccecf73c9256db4.jpg,0,1,0,0,0,0
55-Left_jpg.rf.7cf828b26e3c8e9f379783193f3244e0.jpg,0,1,0,0,0,0
50-Back_jpg.rf.74b161efaade307f9ff6d38922fef06f.jpg,0,1,0,0,0,0
6-Front_jpg.rf.b66663045a236d1d700c2abc69eebca7.jpg,0,1,0,0,0,0
37-Back_jpg.rf.10e9d784c101c85d5532af87d962fe39.jpg,0,1,0,0,0,0
19-Right_jpg.rf.660215ca578671601e66b9a32787c7a9.jpg,0,0,0,0,1,0
39-Front_jpg.rf.c35d24c5338ecc80cf62d16d1d30dc31.jpg,0,1,0,0,0,0
19-Front_jpg.rf.2becb3a0b46480930fa12ff86c5ad58d.jpg,0,0,0,0,1,0
54-Front_jpg.rf.2969717fe80587ba71a53b48185107ea.jpg,0,1,0,0,0,0
14-Right_jpg.rf.80d7a6e3ef3cdd16fc7e80435f2b5b65.jpg,0,0,0,0,0,1
39-Back_jpg.rf.cd67c6495f2c2adba1e19ed1502cdd45.jpg,0,1,0,0,0,0
29-Right_jpg.rf.62e77d4d56aca33f0d76983968a7afde.jpg,0,1,0,0,0,0
40-Right_jpg.rf.f6809cd06c88df6b2f9fd1d05756debe.jpg,0,1,0,0,0,0
31-Back_jpg.rf.b2626c81192dd6f42bfc7976b907af85.jpg,0,1,0,0,0,0
29-Front_jpg.rf.57169a8c1761a162aa7224567b6cdec3.jpg,0,1,0,0,0,0
36-Front_jpg.rf.9be4d9837350acd044a93e66de0e52d4.jpg,0,1,0,0,0,0
29-Left_jpg.rf.9afd45ce715375a526a24ec5f1f7f7ba.jpg,0,1,0,0,0,0
2-Right_jpg.rf.91995ba58d98a4e4120cfd4d772a7b51.jpg,0,0,0,0,1,0
6-Right_jpg.rf.9daef30c74207c424642e4ec688e7a6d.jpg,0,1,0,0,0,0
50-Right_jpg.rf.da8f62336706127e90f659d0c698a54a.jpg,0,1,0,0,0,0
50-Top-Down_jpg.rf.ebc18927b63a1329cd3cb4b863c5436f.jpg,0,1,0,0,0,0
33-Back_jpg.rf.db83cd8a29ad8a7dc056da1ed876f01d.jpg,0,1,0,0,0,0
14-Top-Down_jpg.rf.e7bf833b9e5f3e21ce84281b7ec5d8d5.jpg,0,0,0,0,1,0
51-Top-Down_jpg.rf.5d3fad616cf26bc7de92a98cfa2a7a15.jpg,0,1,0,0,0,0
54-Back_jpg.rf.4ced453863ea1a2ff2869586474b0819.jpg,0,1,0,0,0,0
57-Front_jpg.rf.dee854484e30ab9365a97aaafd1f474e.jpg,0,1,0,0,0,0
54-Right_jpg.rf.90c728a66de4cd32c7c18f50d23f9041.jpg,0,1,0,0,0,0
55-Front_jpg.rf.98db796c3ba330f7467b294d64869aa6.jpg,0,1,0,0,0,0
16-Left_jpg.rf.91534973f44906fe026073fd9d6c15c3.jpg,0,0,0,0,0,1
51-Right_jpg.rf.35df79d0f0a7ebefbd79670d9c0f37a7.jpg,0,1,0,0,0,0
55-Back_jpg.rf.32fca1fd092582495fa12bbd995cd2db.jpg,0,1,0,0,0,0
17-Back_jpg.rf.7dbda21d39d5fd998090c53ef2bb3c0d.jpg,0,0,0,0,0,1
1-Top-Down_jpg.rf.b8b9a9c8fda515b703bc2e987f4a1e18.jpg,0,0,0,0,0,1
29-Top-Down_jpg.rf.c881c22b5ef535a5d7a81b1fc2c76e33.jpg,0,1,0,0,0,0
18-Front_jpg.rf.7fb727393b2865f30354928ffe60f734.jpg,0,0,0,0,1,0
6-Left_jpg.rf.6966b3b33da857cce398093d62d1ae80.jpg,0,1,0,0,0,0
4-Back_jpg.rf.09cddc5bc1f7d761e15fea23afafa584.jpg,0,0,0,0,0,1
50-Left_jpg.rf.69b8e7b680a3635987d05ffbebe7e5fc.jpg,0,1,0,0,0,0
31-Front_jpg.rf.c492edaf11c4e6ec5bf0cf90d655a479.jpg,0,1,0,0,0,0
31-Right_jpg.rf.6cbe114543d6147bc643d2dcb94307fe.jpg,0,1,0,0,0,0
13-Back_jpg.rf.546fdf38fa199728bf50321e99b156f2.jpg,0,0,0,0,0,1
12-Top-Down_jpg.rf.7ec5dee66b2c1e9716d9e93d21753461.jpg,0,0,0,0,0,1
3-Top-Down_jpg.rf.c8702b5b0a6cc6827572ebede86b2ed9.jpg,0,0,0,0,0,1
18-Right_jpg.rf.7439dd8151fa4680d99ec0f5f6806ddd.jpg,0,0,0,0,1,0
19-Left_jpg.rf.ed335ef25762693bed0a3ef6115b7889.jpg,1,0,0,0,0,0
50-Front_jpg.rf.ad913b4ffee939d83ec2efb2c2c36e6f.jpg,0,1,0,0,0,0
19-Front_jpg.rf.de6ca152c3b42abcf41a617f37bc17b9.jpg,1,0,0,0,0,0
21-Right_jpg.rf.9e9df304374be957436ae111e978a341.jpg,1,0,0,0,0,0
31-Top-Down_jpg.rf.5fde8ab6f987f76e39deae6bc0b20371.jpg,0,1,0,0,0,0
19-Top-Down_jpg.rf.5f934a85c2644a8eb0a1d4de90bf8d37.jpg,1,0,0,0,0,0
18-Front_jpg.rf.71360d9684dba5bfd158d7928c6bac2a.jpg,1,0,0,0,0,0
11-Back_jpg.rf.934951f32d01005d9c70676b7286b603.jpg,0,0,0,0,0,1
18-Left_jpg.rf.64deec956d86d6a793f597b9cc6158dd.jpg,0,0,0,0,1,0
14-Front_jpg.rf.2afed21aaa9a2209f50943ebd7cd4994.jpg,1,0,0,0,0,0
14-Left_jpg.rf.4781fe328688d64eb70e059f542d76e4.jpg,1,0,0,0,0,0
17-Back_jpg.rf.65b4bd3c24165bfbe6ce6738f86eb53f.jpg,1,0,0,0,0,0
13-Left_jpg.rf.28183bcde723981ce76a94f023ca5f0c.jpg,1,0,0,0,0,0
7-Front_jpg.rf.056dad4877ccb1eca00bd0c63a5e4e34.jpg,0,0,0,0,0,1
14-Back_jpg.rf.ab092b0fea34bf4ac4739fec9a71b724.jpg,1,0,0,0,0,0
12-Back_jpg.rf.7f30bcf2d97e52c0210529a26c23042d.jpg,0,0,0,0,0,1
5-Left_jpg.rf.e0854cd3de4dfb3fc7f8961e18580ce0.jpg,0,0,0,0,0,1
5-Front_jpg.rf.2969b3b02b0005fc2060f6ccb509e22e.jpg,0,0,0,0,0,1
16-Back_jpg.rf.9c24071ded1489bc223369bcb14b90a6.jpg,0,0,0,0,0,1
14-Right_jpg.rf.345f17e002d2a5fefe2c7ff3ff2e6210.jpg,1,0,0,0,0,0
19-Back_jpg.rf.bdd43f6cc37b58910e40e83549502213.jpg,1,0,0,0,0,0
7-Left_jpg.rf.f8116061cc7c6a65f6543187faea01ca.jpg,0,0,0,0,0,1
13-Front_jpg.rf.98aae1abd4a177d998c97ad1feb233b4.jpg,0,0,0,0,0,1
54-Front_jpg.rf.fe67fc70f733e451a514fc93bf1b7e87.jpg,0,1,0,0,0,0
3-Front_jpg.rf.cb6f3974b0193cf522b9e5fcb6874310.jpg,0,0,0,0,0,1
13-Right_jpg.rf.7bff57dd40d1b487e11df9a20227ac56.jpg,1,0,0,0,0,0
11-Top-Down_jpg.rf.f534fbb0fc09838fc3c7cf1e430da667.jpg,0,0,0,0,0,1
10-Right_jpg.rf.5134cdab07ad125081851f708e23f50b.jpg,0,0,0,0,0,1
3-Right_jpg.rf.8e84a2440fcc9a1aaf44200e4a3784fe.jpg,0,0,0,0,0,1
7-Top-Down_jpg.rf.502837f5e7471fc515128ccaeab632e7.jpg,0,0,0,0,0,1
19-Right_jpg.rf.4733f82269e78e6f0764a3d7513b1d30.jpg,1,0,0,0,0,0
20-Back_jpg.rf.6011a0eb55ca59b4c2c7906a8d23ad35.jpg,1,0,0,0,0,0
13-Front_jpg.rf.0adca77808008eeeef0241b0e3b087a6.jpg,1,0,0,0,0,0
3-Left_jpg.rf.31b718b55d799655e52f022b7b0ef495.jpg,0,0,0,0,0,1
11-Right_jpg.rf.a34d08d9e6259dc90de991d5388bcc9e.jpg,0,0,0,0,0,1
12-Right_jpg.rf.7bc9c9a1733cad6a6e1680d3fe2da6ac.jpg,0,0,0,0,0,1
4-Right_jpg.rf.5c1d0d36daee2f23f34c701b962af762.jpg,0,0,0,0,0,1
13-Top-Down_jpg.rf.39da61e9ed71674a923510cba615f65c.jpg,1,0,0,0,0,0
1-Front_jpg.rf.12487efe3f3da4e071f03a195c934758.jpg,1,0,0,0,0,0
17-Left_jpg.rf.c7113960a356145f96bd9df8cede8a11.jpg,1,0,0,0,0,0
14-Top-Down_jpg.rf.96c75c1e4eee20a8f192a0c8ab403712.jpg,1,0,0,0,0,0
16-Right_jpg.rf.7dbee3fdf84921de1e086fed91bd5e5a.jpg,0,0,0,0,0,1
17-Top-Down_jpg.rf.0a2a5d59f7d20d97bd5567d0587f4788.jpg,1,0,0,0,0,0
4-Left_jpg.rf.87452a364984cf0e9a2d83b2c8312d61.jpg,0,0,0,0,0,1
16-Right_jpg.rf.37fdfd2fd7982514ce2866b85a289cf9.jpg,0,0,0,0,1,0
17-Back_jpg.rf.4353e2313082c3c6b68ea6ee6f2b9123.jpg,0,0,0,0,0,1
13-Back_jpg.rf.1ee38c636f14acb4b542d7719e84318d.jpg,1,0,0,0,0,0
2-Back_jpg.rf.2d9b437b5b249952c7c66dc613a18e48.jpg,1,0,0,0,0,0
17-Left_jpg.rf.f56cecdfc4399e1df98ed653036e65e7.jpg,0,0,0,0,0,1
15-Right_jpg.rf.63c74ca135601f545c4bca6faca48043.jpg,0,0,0,0,1,0
14-Front_jpg.rf.058947c19e0f76587538bf901de661a2.jpg,0,0,0,0,0,1
15-Top-Down_jpg.rf.e71955c9e91255e29033963e674d84ae.jpg,0,0,0,0,0,1
20-Right_jpg.rf.ae65266f3027fcd958f78bb7a7e1c184.jpg,1,0,0,0,0,0
2-Right_jpg.rf.05aa750ec98f28e25db810af854593e8.jpg,1,0,0,0,0,0
3-Back_jpg.rf.b6a3055c24d893022e9b0805ceb7940d.jpg,0,0,0,0,0,1
5-Top-Down_jpg.rf.f039989ac224909c7742b23a8617db67.jpg,0,0,0,0,0,1
18-Left_jpg.rf.67bb40a902507d38a95a4fd8e3bb5234.jpg,1,0,0,0,0,0
18-Right_jpg.rf.e7f62c72e79a33780b96d98f11d813b6.jpg,1,0,0,0,0,0
17-Front_jpg.rf.121437a1fed5abf377a6fe381269cce7.jpg,0,0,0,0,0,1
5-Right_jpg.rf.e5658185ec3d276c10229e4c8dafe7b0.jpg,0,0,0,0,0,1
20-Top-Down_jpg.rf.81f1893e2c61dbff59926f03df6f3b24.jpg,1,0,0,0,0,0
14-Top-Down_jpg.rf.e2da56d9ba95d8f9a3b3eb794d08e1c5.jpg,0,0,0,0,0,1
13-Left_jpg.rf.642e0365a806582fb841fff57741af19.jpg,0,0,0,0,0,1
2-Front_jpg.rf.9c002632f2f17220ad927fadbebbce04.jpg,0,0,0,0,0,1
15-Right_jpg.rf.fa3e5e2b30118ccf0db0f9ad23da936c.jpg,0,0,0,0,0,1
6-Back_jpg.rf.5219a93eb0e5d1915e2a80fae70caf48.jpg,0,0,0,0,0,1
2-Right_jpg.rf.57c774852fcfdf754b9ef1043aa8f801.jpg,0,0,0,0,0,1
11-Left_jpg.rf.a82e85312d11a2e9ffb4778aed37ce84.jpg,0,0,0,0,1,0
20-Front_jpg.rf.a9f81381f593d57310f6c18f720aad55.jpg,1,0,0,0,0,0
14-Right_jpg.rf.a2c00b184849d8a7ae834bca55624a20.jpg,0,0,0,0,0,1
6-Right_jpg.rf.19377b6069fe9e4d8e56b7e29f70a5c9.jpg,0,0,0,0,0,1
16-Top-Down_jpg.rf.e866da1dbc2c8a3c0b2c3ba9b5a356a4.jpg,0,0,0,0,1,0
2-Left_jpg.rf.ee996d5673d4654374c96014f1708ff6.jpg,1,0,0,0,0,0
8-Left_jpg.rf.436077005e767e942b5085af15e65c6f.jpg,0,0,0,0,0,1
16-Front_jpg.rf.87f84f3e04319b0ef94020ad129f99f4.jpg,0,0,0,0,1,0
21-Front_jpg.rf.321cfe0d54af3be65470bd1e88419142.jpg,0,0,0,0,1,0
11-Back_jpg.rf.3970d1d28176a25409ab718a17cb063e.jpg,0,0,0,0,1,0
48-Right_jpg.rf.069218a6a828fdb2e7f54fb7c58bae00.jpg,0,1,0,0,0,0
2-Top-Down_jpg.rf.c2b6d2ed2020412379e113ce9e483d01.jpg,0,0,0,0,0,1
8-Back_jpg.rf.18d27487fdc5650eb8f3a6742ac83992.jpg,0,0,0,0,0,1
6-Top-Down_jpg.rf.542d56ca2d1808df37fe37bf36157c73.jpg,0,0,0,0,0,1
20-Left_jpg.rf.82082d196f192fdb7d690b9d99ec4f86.jpg,0,0,0,0,1,0
9-Left_jpg.rf.1bea8fa16f847ed4515c688304364686.jpg,0,0,0,0,0,1
6-Left_jpg.rf.7f85987fc75d7ed43a44f8ce77eeba6b.jpg,0,0,0,0,0,1
6-Front_jpg.rf.44cb3411e31e40a932c6a6725c10e802.jpg,0,0,0,0,0,1
15-Front_jpg.rf.80f2c9b50ad08b2070fac6f46a93fb7c.jpg,0,0,0,0,0,1
7-Back_jpg.rf.cfbfe3252d573c9627ffb69ed4a4d77f.jpg,0,0,0,0,0,1
14-Front_jpg.rf.3d6de8fe5abfdbe8c91a69fb63e445da.jpg,0,0,0,0,1,0
8-Right_jpg.rf.a60b34c1b416e9de6d493598040c0816.jpg,0,0,0,0,0,1
9-Top-Down_jpg.rf.4612c97eed0cd28ddff6323480de7007.jpg,0,0,0,0,0,1
14-Back_jpg.rf.8c5f868d3d98d5e59a3f85b104d2184b.jpg,0,0,0,0,0,1
9-Back_jpg.rf.7d5c2fa595c3fefefca504b3099ae000.jpg,0,0,0,0,0,1
8-Top-Down_jpg.rf.c852138396b7ddac66ad291f33462b24.jpg,0,0,0,0,0,1
48-Top-Down_jpg.rf.12ecb44ca6942c6e8503404e3eae771d.jpg,0,1,0,0,0,0
16-Back_jpg.rf.72681bb72a1ad023f8ffabecf8ae1f52.jpg,0,0,0,0,1,0
1-Back_jpg.rf.b671a3206c68c3b8f94997f080c5ddf5.jpg,0,0,0,0,0,1
8-Front_jpg.rf.f7f70187118dca5c4ad134193e43c567.jpg,0,0,0,0,0,1
9-Front_jpg.rf.b9d286fef4a54680683be3b4210de070.jpg,0,0,0,0,0,1
34-Top-Down_jpg.rf.4c09896221b7b4631f311f288e8ad229.jpg,0,1,0,0,0,0
11-Top-Down_jpg.rf.4c9459f3639276a24db255fb286f4d73.jpg,0,0,0,0,1,0
13-Front_jpg.rf.f1d48748112616a728458a7accf6f4a7.jpg,0,0,0,0,1,0
34-Right_jpg.rf.51d3b8f192b6d59e1e65ecf290c55293.jpg,0,1,0,0,0,0
20-Top-Down_jpg.rf.ea5387588eb823c38af9229a57939110.jpg,0,0,0,0,1,0
1-Right_jpg.rf.89be759f00df5076f301d5461087328f.jpg,1,0,0,0,0,0
13-Right_jpg.rf.c1d8b537a40352acce0c6756cda650d1.jpg,0,0,0,0,1,0
14-Top-Down_jpg.rf.094489a8670f31c04a86ba19cec5f241.jpg,0,0,0,0,1,0
21-Back_jpg.rf.338cbac8791b7ee9541893d4a9f3bcb0.jpg,0,0,0,0,1,0
31-Top-Down_jpg.rf.9b19c6d775dfb5afd790124f57fc21cd.jpg,0,1,0,0,0,0
50-Front_jpg.rf.baedad6256dedffe8378c7556b9fbb8a.jpg,0,1,0,0,0,0
13-Top-Down_jpg.rf.997c0df2f1da264c81a042aa85ccc700.jpg,0,0,0,0,1,0
9-Right_jpg.rf.bf0d70028cda9c389a7b0bd8e8ed3f95.jpg,0,0,0,0,0,1
14-Back_jpg.rf.f26029788a6e9a7fb76415f1a6c18cb6.jpg,0,0,0,0,1,0
2-Top-Down_jpg.rf.401fa97616e54b3c4f109eb8617cb54f.jpg,1,0,0,0,0,0
36-Front_jpg.rf.c9cc4f9feaab2b61df0d31af01681c91.jpg,0,1,0,0,0,0
50-Back_jpg.rf.ea63a15f191ca86d119f19c2c0750de7.jpg,0,1,0,0,0,0
33-Back_jpg.rf.dad18f681bc2abe8bc3131b85e37b34c.jpg,0,1,0,0,0,0
50-Left_jpg.rf.1120618bda413bb98e1922d9155186ff.jpg,0,1,0,0,0,0
15-Back_jpg.rf.d067b20d1e8e68e7c6fcfa9f69e7afda.jpg,0,0,0,0,1,0
37-Back_jpg.rf.13d8c92063b652ef6345198bf1239aa2.jpg,0,1,0,0,0,0
18-Left_jpg.rf.e5662cea901fafec486b91dae1bf70e4.jpg,0,0,0,0,1,0
31-Right_jpg.rf.4023c330bf042bbcfe66363c29c7f4ae.jpg,0,1,0,0,0,0
48-Left_jpg.rf.2126f039c9d0baf80139d26fd0835d31.jpg,0,1,0,0,0,0
50-Right_jpg.rf.0d6930e1e9c6221dddd9b4ab31a41651.jpg,0,1,0,0,0,0
1-Front_jpg.rf.662cf3c9b9f1d3b8f4b292f8e8476a11.jpg,0,0,0,0,0,1
19-Front_jpg.rf.939e98120ab221fb3fcabe74a952098f.jpg,0,0,0,0,1,0
1-Back_jpg.rf.ffa962e6ef622e4f4c0f98b79dc102eb.jpg,0,0,0,0,1,0
21-Left_jpg.rf.2ef0fc031c74d03f2b3b865c41244dc1.jpg,0,0,0,0,1,0
1-Front_jpg.rf.33c3986b2bc70450dcd65112aac90852.jpg,0,0,0,0,1,0
2-Top-Down_jpg.rf.9f6f1e26aed722534785ab9ad1aa9f8c.jpg,0,0,0,0,1,0
15-Left_jpg.rf.a3276c8e78480db4eec17d1a3d94a23c.jpg,0,0,0,0,1,0
18-Right_jpg.rf.c75da50318772dfc255d8a07e28224ea.jpg,0,0,0,0,1,0
57-Right_jpg.rf.7f5154d417b8c95659f08d34f8ff2998.jpg,0,1,0,0,0,0
57-Front_jpg.rf.4d7992666b0790ef5aa8c8de32edf7f2.jpg,0,1,0,0,0,0
23-Top-Down_jpg.rf.c1c4195cabdcf9ae41121e7532bd6fd3.jpg,1,0,0,0,0,0
33-Front_jpg.rf.17b07ed5f6ef3ced2ef12537016424bf.jpg,0,1,0,0,0,0
19-Left_jpg.rf.52a7c2bd2aa0087f253eaf8969a93e35.jpg,0,0,0,0,1,0
39-Right_jpg.rf.06048f7da114bf171e895b7d2796c006.jpg,0,1,0,0,0,0
37-Right_jpg.rf.0e78fc132eec53744de528fdbd90d2d8.jpg,0,1,0,0,0,0
14-Back_jpg.rf.6a7e86ea14ecac7d5d4d1243328d3844.jpg,0,0,0,0,1,0
14-Back_jpg.rf.49375e9b86cd4cd5db95aa2a39c5c944.jpg,1,0,0,0,0,0
34-Left_jpg.rf.c0b15b976086aa5f18dd956fd29bd9c4.jpg,0,1,0,0,0,0
38-Right_jpg.rf.fd38f5a5f45ec68726a679a8a6b5ece7.jpg,0,1,0,0,0,0
13-Back_jpg.rf.ca67953dd38003e98cd5db03e6d6f259.jpg,1,0,0,0,0,0
2-Back_jpg.rf.28b8d62b1a71bc59e355a272873fd8bd.jpg,0,0,0,0,1,0
57-Back_jpg.rf.36747568025283c80000c9a46aa69488.jpg,0,1,0,0,0,0
33-Left_jpg.rf.031a10492a243a286b559b19b632fe91.jpg,0,1,0,0,0,0
19-Back_jpg.rf.890f4d6dd5586c6751d11ac172fd776f.jpg,1,0,0,0,0,0
40-Right_jpg.rf.19f8bc8570b5b2711f9b5a28cf921f73.jpg,0,1,0,0,0,0
17-Left_jpg.rf.72f43f4340ea9225b80ada38b41b5a7e.jpg,1,0,0,0,0,0
14-Right_jpg.rf.c78dae821ad80d5a000e972e100a133a.jpg,1,0,0,0,0,0
6-Front_jpg.rf.a1d37a4e96ab5a1f1337c710c3e6698e.jpg,0,1,0,0,0,0
16-Back_jpg.rf.f8d671f4ca21bdb7fbfa0cd6c921529b.jpg,0,0,0,0,1,0
19-Front_jpg.rf.0328331bb7cb219d065e271e58676f2a.jpg,1,0,0,0,0,0
14-Top-Down_jpg.rf.f323e458c6418a7e9eaf072ca727d549.jpg,1,0,0,0,0,0
19-Right_jpg.rf.cffb46c4604fed12b317e0ec63d6595b.jpg,0,0,0,0,1,0
17-Top-Down_jpg.rf.2086a5c17742f59fd3d66855cff185d2.jpg,1,0,0,0,0,0
17-Back_jpg.rf.3906938b05368537c2acd8b5059c7add.jpg,1,0,0,0,0,0
6-Left_jpg.rf.69a0bdb9d8c579358c5ecb838d2433d8.jpg,0,1,0,0,0,0
19-Back_jpg.rf.de9f91b1c7e65672004b21db78ab24a7.jpg,0,0,0,0,1,0
14-Front_jpg.rf.1a91302bc2e31f81592aa824d0359e2c.jpg,0,0,0,0,1,0
4-Top-Down_jpg.rf.1c72b590781bbafd6da7cf1fd3f9e59e.jpg,0,1,0,0,0,0
15-Back_jpg.rf.4e91abab90f316ecc030b5df46048355.jpg,0,0,0,0,1,0
2-Left_jpg.rf.fb46bdc37610a1bbb84985827cce57ca.jpg,0,0,0,0,1,0
48-Front_jpg.rf.9fa542709d54aad616bdd1793376c8f0.jpg,0,1,0,0,0,0
34-Back_jpg.rf.182a4dc8809d3e5af3c85f01c2ba015e.jpg,0,1,0,0,0,0
55-Left_jpg.rf.a4fc60c0b3bccc221691e69e7915741c.jpg,0,1,0,0,0,0
33-Top-Down_jpg.rf.4c315987ca2e32388d74de9276d4020b.jpg,0,1,0,0,0,0
14-Left_jpg.rf.8abf7550df45ef90ff4f00b6f77f000f.jpg,1,0,0,0,0,0
19-Right_jpg.rf.3145a5ef0898565bafa9956243c93699.jpg,1,0,0,0,0,0
51-Back_jpg.rf.f2687a9501c6f7729623889a770676ce.jpg,0,1,0,0,0,0
16-Right_jpg.rf.a4abfa676ebd39353c980df9df20816c.jpg,0,0,0,0,1,0
15-Right_jpg.rf.05f1c4e9d1bdf125063c5ade07855dd2.jpg,0,0,0,0,1,0
14-Top-Down_jpg.rf.5b1a89a9993a7d14c94284cd8815379e.jpg,0,0,0,0,1,0
39-Front_jpg.rf.6578a9d2d399a8e8796d3b58ad05c459.jpg,0,1,0,0,0,0
18-Front_jpg.rf.1db24eb06fd490a9c327e490c142575b.jpg,1,0,0,0,0,0
13-Front_jpg.rf.01ec7e014ff5b58a32edbb5e97c0637a.jpg,1,0,0,0,0,0
55-Back_jpg.rf.16164f55cbbe28f34800c881991337a7.jpg,0,1,0,0,0,0
37-Top-Down_jpg.rf.2282a2d8e2f036ac843b296bb474b549.jpg,0,1,0,0,0,0
19-Left_jpg.rf.37f0867a06e9d052f11e9987b4a09130.jpg,1,0,0,0,0,0
15-Left_jpg.rf.c4b4e2e1c7bb6a68f12167462e21766f.jpg,0,0,0,0,1,0
51-Left_jpg.rf.71253a2fedbd0f386f75329a5e1dc22a.jpg,0,1,0,0,0,0
50-Top-Down_jpg.rf.3e4245b993869f91b9d981b13ec9dbcf.jpg,0,1,0,0,0,0
13-Top-Down_jpg.rf.a81aca2c5ed62698a01398abddafd2d8.jpg,1,0,0,0,0,0
51-Right_jpg.rf.e4c8f48a60d8309d3c45c1e96373f210.jpg,0,1,0,0,0,0
55-Front_jpg.rf.b95ac5f6e2851cbd2c4a44e069be66b6.jpg,0,1,0,0,0,0
18-Front_jpg.rf.0ec4cd9aa6841574902c8a837e0cb49a.jpg,0,0,0,0,1,0
18-Left_jpg.rf.74c29c44528fabc5a257169af3718aa7.jpg,1,0,0,0,0,0
6-Right_jpg.rf.5fffd3692bdb8fa582be7e9dc3e5ec10.jpg,0,1,0,0,0,0
21-Right_jpg.rf.ec9c0220aacda015fa9a71e228d6941f.jpg,1,0,0,0,0,0
21-Front_jpg.rf.ddbcc6174844d5f5e4fd4766a65e5818.jpg,0,0,0,0,1,0
13-Right_jpg.rf.ac97dbe729d790af58e96bd2ec590938.jpg,1,0,0,0,0,0
18-Right_jpg.rf.e8379eda68ca292a1332ee36d6bb1d70.jpg,1,0,0,0,0,0
38-Left_jpg.rf.63261241f1d22fe4123eb079998cfc66.jpg,0,1,0,0,0,0
51-Top-Down_jpg.rf.d790ae9b2a6e8b5e4f3bef3480d31cb3.jpg,0,1,0,0,0,0
39-Left_jpg.rf.6151d9c940bd36f66671ed1bea2b0fa7.jpg,0,1,0,0,0,0
16-Front_jpg.rf.ea205739100ef1b5151cf367dcc913cc.jpg,0,0,0,0,1,0
23-Back_jpg.rf.2d1108a1855e8f9496d3bd507a2cdd45.jpg,0,0,0,0,1,0
13-Left_jpg.rf.2e6252bfd2b8ec3ecc2fc2eabe790d3f.jpg,1,0,0,0,0,0
23-Left_jpg.rf.948ba5cf9502775583edfe1a9dd68fd9.jpg,1,0,0,0,0,0
18-Front_jpg.rf.122b318d09bcc49e22fa32c83239a5b9.jpg,0,0,0,0,1,0
20-Left_jpg.rf.6cc92ec6bab0b2d724b1505b5dde464a.jpg,0,0,0,0,1,0
2-Right_jpg.rf.e9c4bbadb4a4f5aa785886d3b94900a6.jpg,0,0,0,0,1,0
20-Right_jpg.rf.750ebd82b04ba7ac05e11e8f3a1042b7.jpg,1,0,0,0,0,0
16-Top-Down_jpg.rf.eee1e57d1fb562807c96c976bc907f2b.jpg,0,0,0,0,1,0
54-Right_jpg.rf.3ab28763e6790be9d835c2a787a893dd.jpg,0,1,0,0,0,0
28-Top-Down_jpg.rf.f9e3427d2d342864784bac05351d7430.jpg,0,0,0,0,1,0
23-Top-Down_jpg.rf.502b1454591284862c08f6d840c57d4a.jpg,0,0,0,0,1,0
22-Top-Down_jpg.rf.83d0945c7d86879ab7b8dff048d550ed.jpg,0,0,0,0,1,0
1-Left_jpg.rf.0afc6aeb8a0f56f1e3220e4a4c457944.jpg,0,0,0,0,0,1
28-Right_jpg.rf.59d816b9f0383ca0d7c151359e750887.jpg,0,0,0,0,1,0
22-Back_jpg.rf.5ac3fc6169bf3ab96a593fe321218f25.jpg,0,0,0,0,1,0
4-Front_jpg.rf.5e4f81058b22824644eb3a14a78bd9ef.jpg,0,1,0,0,0,0
23-Front_jpg.rf.263f1c348693e096d25e0a496956aac5.jpg,1,0,0,0,0,0
21-Left_jpg.rf.cde8f781751c9c29394344871812b037.jpg,0,0,0,0,1,0
29-Left_jpg.rf.890a57a936dbfc57da54fc96fb9b131c.jpg,0,0,0,0,1,0
1-Top-Down_jpg.rf.77f66e381075a237b8d591d071e75bdb.jpg,0,0,0,0,0,1
23-Front_jpg.rf.3a4472a8dd65090452622d8eccbef892.jpg,0,0,0,0,1,0
20-Top-Down_jpg.rf.33e91ac2e7873f83864ef8d54a499b20.jpg,1,0,0,0,0,0
22-Left_jpg.rf.fe5b2ca2f90d6d674f1d5d121cc32ad1.jpg,1,0,0,0,0,0
22-Right_jpg.rf.ca305dc78b7ce666f263331918457650.jpg,0,0,0,0,1,0
25-Back_jpg.rf.c97a1e023817783387b2d7920db55287.jpg,0,0,0,0,1,0
22-Back_jpg.rf.60286ee3b71abb6f6b93b7cfb4c74454.jpg,1,0,0,0,0,0
22-Right_jpg.rf.5585e08360c0374d8b75ea848e6b55fb.jpg,1,0,0,0,0,0
1-Right_jpg.rf.160a481226e956e1cb6d62d5633a7162.jpg,0,0,0,0,0,1
23-Right_jpg.rf.816025c64cceb9e1e586c16c067f77ca.jpg,1,0,0,0,0,0
1-Front_jpg.rf.94c2332d41f5e8214f70d5aae49c7c96.jpg,1,0,0,0,0,0
37-Front_jpg.rf.4004088418eb51de1ba8f27a6a326fc9.jpg,0,1,0,0,0,0
28-Left_jpg.rf.bdabdfbe443fd536d9637deac23a35cb.jpg,0,0,0,0,1,0
27-Front_jpg.rf.9f774e2b4a47758a5cb953773f5530ad.jpg,1,0,0,0,0,0
24-Front_jpg.rf.dc4c396ec86c1b9948c3e5f48604ac3a.jpg,1,0,0,0,0,0
24-Left_jpg.rf.d64f4db958a0ff954ee680ae432a9f47.jpg,1,0,0,0,0,0
14-Right_jpg.rf.18a18b0ed59e76566c60f05dd5591289.jpg,1,0,0,0,0,0
14-Left_jpg.rf.edd542f7c871b1c600b90e9da36b11ee.jpg,1,0,0,0,0,0
20-Top-Down_jpg.rf.aef78ca518af4dd83734b554eeac5e33.jpg,0,0,0,0,1,0
2-Top-Down_jpg.rf.f442fba4badd276f9bdcf06eb0092bbe.jpg,0,0,0,0,1,0
2-Right_jpg.rf.195a8863bd402b2d8601451581494c27.jpg,0,0,0,0,1,0
39-Top-Down_jpg.rf.50f776f4119c5bcdfa63170c288501de.jpg,0,1,0,0,0,0
17-Back_jpg.rf.fd9747def07984f98362f04701e2ca5c.jpg,1,0,0,0,0,0
54-Front_jpg.rf.e11126e6a916a11c9d39867932737217.jpg,0,1,0,0,0,0
20-Front_jpg.rf.4d798f333955f0f815ff0f8a09b2dbaf.jpg,1,0,0,0,0,0
19-Right_jpg.rf.7073aa3cbe41598c61ff8c4f5f474c5e.jpg,0,0,0,0,1,0
54-Back_jpg.rf.a2a00c4c383c79a4fb889f05aec6bed5.jpg,0,1,0,0,0,0
39-Back_jpg.rf.4c9dd48da378e36b678e6302d01ee211.jpg,0,1,0,0,0,0
14-Front_jpg.rf.43a1f227fc815bed7e98d5869b0e56b5.jpg,1,0,0,0,0,0
2-Left_jpg.rf.78b36894f0c3806ea5e9b82310c3774c.jpg,0,0,0,0,1,0
29-Back_jpg.rf.f7ba173bc883a12ae02334b590bc7f31.jpg,0,0,0,0,1,0
29-Front_jpg.rf.0367fd192eed3746f978fd3c09081ab1.jpg,0,0,0,0,1,0
14-Top-Down_jpg.rf.eac14a6b27ea867995de70dd6536d3aa.jpg,1,0,0,0,0,0
18-Front_jpg.rf.41393c3d9e6fb46092104c5fd5e28519.jpg,1,0,0,0,0,0
27-Back_jpg.rf.53a13a4eb3e8fdb6e964e262f273f276.jpg,1,0,0,0,0,0
1-Right_jpg.rf.a4ef3fbfc9593b331a48c401559aaaf3.jpg,1,0,0,0,0,0
14-Front_jpg.rf.3aae2aad5e9a20dfb7a68a02d20ca3f2.jpg,1,0,0,0,0,0
25-Front_jpg.rf.adf78a1cc08ddcc11cbfd8ac3ed521e5.jpg,0,0,0,0,1,0
2-Top-Down_jpg.rf.5001f4aff7858d096a8ae8fc8e3b40bd.jpg,1,0,0,0,0,0
2-Left_jpg.rf.cedad52483f36e49ea52de258e83b095.jpg,1,0,0,0,0,0
24-Top-Down_jpg.rf.0fada7d644ff862444d9d2e01eb148d8.jpg,0,0,0,0,1,0
17-Left_jpg.rf.5ea89e081daeb1d3037651aad26a30dd.jpg,1,0,0,0,0,0
2-Back_jpg.rf.71df8474c445e78b906b81760ff6223c.jpg,1,0,0,0,0,0
25-Left_jpg.rf.1d3b47160da10ba3e4bb4de6b2e42e28.jpg,0,0,0,0,1,0
21-Back_jpg.rf.6935596731a167c6494bc146d1059611.jpg,0,0,0,0,1,0
28-Front_jpg.rf.b1d3e9aa08ebe6a6460e7bdc1ef35ac7.jpg,0,0,0,0,1,0
25-Top-Down_jpg.rf.99d4b4c26849cb9befb5a4d88e6c030b.jpg,0,0,0,0,1,0
27-Top-Down_jpg.rf.e0e7a694f5fb4ac1778825823b61b9c6.jpg,0,0,0,0,1,0
17-Top-Down_jpg.rf.abebf06a54b498380d1301ec80afcc6c.jpg,1,0,0,0,0,0
19-Back_jpg.rf.b2f19d2f59ed65a88925d0e430bcd076.jpg,1,0,0,0,0,0
26-Back_jpg.rf.1cf6cc2e2bda84c89c75205a967a2597.jpg,0,0,0,0,1,0
18-Left_jpg.rf.636870143508574a7436faa12b0a7072.jpg,1,0,0,0,0,0
18-Right_jpg.rf.a69d0aa76188f5c5cb402997c5fa372b.jpg,1,0,0,0,0,0
2-Back_jpg.rf.85622ce9a100e8ebee2285b31bffc534.jpg,0,0,0,0,1,0
19-Top-Down_jpg.rf.afd9016628398f5c9e396bbab35342b0.jpg,1,0,0,0,0,0
27-Back_jpg.rf.a35e27670bec3209c1f41fb84a9f0e3f.jpg,0,0,0,0,1,0
21-Right_jpg.rf.992bf4d662b64b070cbd065b13f69ecc.jpg,1,0,0,0,0,0
18-Right_jpg.rf.c5237aa87b539e326ff0eb6c9cd595c5.jpg,0,0,0,0,1,0
19-Back_jpg.rf.7ca8a07d7e57b4909035f7f5f5139bb0.jpg,0,0,0,0,1,0
22-Top-Down_jpg.rf.f70908e21744e47596fbc7b8bff29cf7.jpg,1,0,0,0,0,0
26-Left_jpg.rf.8dd5df6e17fcb93f9c574bb1ace98576.jpg,0,0,0,0,1,0
2-Right_jpg.rf.ffae6864a8aa603e380f0093474f1cac.jpg,1,0,0,0,0,0
2-Top-Down_jpg.rf.07020193fd5812130229206029c3de5f.jpg,1,0,0,0,0,0
18-Left_jpg.rf.7385af0d6fa155df27ade12b19941880.jpg,0,0,0,0,1,0
11-Left_jpg.rf.e5df39f758b3e70ebae56da7c9e34461.jpg,0,0,0,1,0,0
19-Front_jpg.rf.f3dcfc7927990014528f8447815f4dda.jpg,0,0,0,0,1,0
20-Top-Down_jpg.rf.b1770083138da64980732c4ce1dc40ff.jpg,1,0,0,0,0,0
22-Left_jpg.rf.fc633a986e9094405281355e18c7aad0.jpg,1,0,0,0,0,0
19-Left_jpg.rf.133ca6e454346bb6eaf9159f3f79a410.jpg,0,0,0,0,1,0
27-Left_jpg.rf.11061101fdbeaefa4d5f9bb954bef41e.jpg,0,0,0,0,1,0
20-Back_jpg.rf.1e5b8e799e19ffe2a1b30c4ab3db930c.jpg,1,0,0,0,0,0
22-Back_jpg.rf.26c1348f065161841b26402a9acc2e32.jpg,1,0,0,0,0,0
20-Right_jpg.rf.ac8de884e45341f9bbfac8652d6840ba.jpg,1,0,0,0,0,0
1-Right_jpg.rf.2ce98255c4939b30254a06835c2c3685.jpg,0,0,0,1,0,0
26-Right_jpg.rf.45df605d049771de93cfae73b93239fa.jpg,0,0,0,0,1,0
24-Front_jpg.rf.83d97cb3971c65a4ad71f1523ab326e8.jpg,1,0,0,0,0,0
23-Right_jpg.rf.13ff78e9f44f929dfafe7438b070bdb6.jpg,1,0,0,0,0,0
30-Left_jpg.rf.dc6eda0473957d7c3465b7835a6b91a3.jpg,0,0,0,0,1,0
23-Top-Down_jpg.rf.9c43b5174d9145d1f899bfc9a72593c8.jpg,1,0,0,0,0,0
27-Back_jpg.rf.8c2642c5eb247c0cae4fce13fe03c4bc.jpg,1,0,0,0,0,0
1-Left_jpg.rf.bb3e02b5a3f3290e4e6a31d0090400b2.jpg,0,0,0,1,0,0
4-Top-Down_jpg.rf.7a365d4286198e202fcc032c69b2119f.jpg,0,0,0,0,1,0
11-Top-Down_jpg.rf.8541b39f1f25f753c5f0aac0e73cd2d3.jpg,0,0,0,1,0,0
27-Front_jpg.rf.5e48c890c56b2b91a6771d92ee75881c.jpg,1,0,0,0,0,0
11-Right_jpg.rf.038d6bea1e6909eff8897c79b5802db0.jpg,0,0,0,1,0,0
24-Left_jpg.rf.fb4f647786acf6efc4f96ff4fd85a6e4.jpg,1,0,0,0,0,0
5-Right_jpg.rf.4a15a24e7a07a9b7ca39b1908f651996.jpg,0,0,0,0,1,0
5-Front_jpg.rf.f2d6259f31663aa9fe2f744491340960.jpg,0,0,0,0,1,0
5-Top-Down_jpg.rf.2d95cf763f2ab253f32d87686ccd0688.jpg,0,0,0,0,1,0
20-Front_jpg.rf.326c8d40a8195df373c2e934ab3b736b.jpg,1,0,0,0,0,0
4-Left_jpg.rf.84c79797f0cac8ae3102c9fe0e73b384.jpg,0,0,0,0,1,0
13-Back_jpg.rf.364b4ae078a7d93d8b6eecc08e9b528c.jpg,1,0,0,0,0,0
12-Back_jpg.rf.59bc7cb29ab30fb9b9548b444f5032c6.jpg,0,0,0,1,0,0
10-Left_jpg.rf.c5b3c83232ba78db7d2a537335be54bf.jpg,0,0,0,1,0,0
27-Front_jpg.rf.eddd666bdf47611a076d8484cc7c02bb.jpg,0,0,0,0,1,0
19-Left_jpg.rf.0354b950fdc9dd52a16ec7dd06cd6290.jpg,1,0,0,0,0,0
27-Right_jpg.rf.2181da7f153189e29a4f2d616e141335.jpg,0,0,0,0,1,0
30-Top-Down_jpg.rf.3dfe66d5759ba0259f9e504fa47445fc.jpg,0,0,0,0,1,0
4-Front_jpg.rf.65364cc87ba69726ed5c285ea7dfffc7.jpg,0,0,0,0,1,0
14-Back_jpg.rf.0677a671747d685243a73345c70953dd.jpg,1,0,0,0,0,0
27-Right_jpg.rf.837761658879d627c6093a92a64f771e.jpg,1,0,0,0,0,0
27-Left_jpg.rf.db1ba0abb097a73d8204442b6fab0b28.jpg,1,0,0,0,0,0
4-Right_jpg.rf.c7bfe2ed1b669bac2a2c17f976fbf121.jpg,0,0,0,0,1,0
31Front_jpg.rf.00af392dcd3543437558f7c827614bcc.jpg,1,0,0,0,0,0
5-Back_jpg.rf.365822aef63bde6da918df9ed5016ac0.jpg,0,0,0,0,1,0
1-Back_jpg.rf.398984a2303015281394f12add044e01.jpg,0,0,0,1,0,0
32-Front_jpg.rf.f35c7d32177c10dce4582d9f7d157489.jpg,1,0,0,0,0,0
29-Right_jpg.rf.04d3ac4d4b5952aef68b34d97e86813e.jpg,0,0,0,0,1,0
19-Front_jpg.rf.1b4dba1d2bad35839af96c5da849d1ce.jpg,1,0,0,0,0,0
12-Left_jpg.rf.274a20eb725a584ffa751f34ff1621e8.jpg,0,0,0,1,0,0
19-Right_jpg.rf.13edb0027169ae4a60c829b584af32d4.jpg,1,0,0,0,0,0
32Left_jpg.rf.6510ab43820aadb45c96799b2baeaa46.jpg,1,0,0,0,0,0
13-Top-Down_jpg.rf.6b45ce8d79bb65cd683babf83a9e9e01.jpg,1,0,0,0,0,0
31Left_jpg.rf.1a30ce1ca1f2e652803e4c26888fab1a.jpg,1,0,0,0,0,0
13-Right_jpg.rf.b6e90f3867f2727eaf3e91a66620263b.jpg,1,0,0,0,0,0
13-Left_jpg.rf.efc76c98b2cab65cfe9877aa98b13a7c.jpg,1,0,0,0,0,0
6-Right_jpg.rf.a234752af54a6232c92e6f83ced44ed0.jpg,1,0,0,0,0,0
29-Top-Down_jpg.rf.6d01d283125e6711a1d016f551a0ac61.jpg,0,0,0,0,1,0
30-Front_jpg.rf.29b3ab8a4ea514c37be9699b5aba556d.jpg,1,0,0,0,0,0
32-Back_jpg.rf.c9e23c7ca32f03bb2dde882863034f4f.jpg,1,0,0,0,0,0
31-Top-Down_jpg.rf.47bf66739e983f1910365d9543300ee6.jpg,1,0,0,0,0,0
36-Front_jpg.rf.a034d43e03d765faabb12ab788d0d07b.jpg,1,0,0,0,0,0
36-Back_jpg.rf.cd6c6c240009ea5d942445a53cdc9063.jpg,1,0,0,0,0,0
13-Front_jpg.rf.72c859739b8ee81d4e9e3d42c34aa4ca.jpg,1,0,0,0,0,0
23-Back_jpg.rf.8b60007bc7d9a2e8b9a6d8a5dad245c7.jpg,0,0,0,0,1,0
27-Top-Down_jpg.rf.d10420c5ba83719b613dad8ad45d1aa6.jpg,1,0,0,0,0,0
30-Front_jpg.rf.2a7e8340251c12cca1fd8de8baa97ba3.jpg,0,0,0,0,1,0
36-Right_jpg.rf.a14aafb14107ce02ea628d3a9be47946.jpg,1,0,0,0,0,0
30-Back_jpg.rf.4ff8f185497cfff4cebd9878374d2dcf.jpg,1,0,0,0,0,0
11-Front_jpg.rf.b965f3e50a0505a20a07b1d78b555b5d.jpg,0,0,0,1,0,0
36-Left_jpg.rf.5e342c5cf4639018c3e527b8eaa7d2ef.jpg,1,0,0,0,0,0
26-Back_jpg.rf.d87de8c04ad8ef1a7996700624b34ad4.jpg,0,0,0,0,1,0
20-Back_jpg.rf.db37644d7a7e593c6e256d97af2319c4.jpg,1,0,0,0,0,0
27-Left_jpg.rf.852460d43b8be409b68628c85f62a9ec.jpg,0,0,0,0,1,0
27-Front_jpg.rf.fb04b0ca1253158ee410b735960d5852.jpg,0,0,0,0,1,0
3-Right_jpg.rf.54ae2450d24a92889e9a9823ee808354.jpg,1,0,0,0,0,0
6-Back_jpg.rf.a9d67ba38c9a3361fab52e3539348ead.jpg,1,0,0,0,0,0
23-Top-Down_jpg.rf.f6c9130720ace6bd2ccc033ef9aba652.jpg,0,0,0,0,1,0
37-Top-Down_jpg.rf.fe66b2bc5a042d23ce76888f1e6bf4c3.jpg,1,0,0,0,0,0
20-Left_jpg.rf.b7122f6a03ed37b6e51101a998b68bfb.jpg,0,0,0,0,1,0
31-Right_jpg.rf.cb1169eae879e1f2e255f689efc2dc07.jpg,1,0,0,0,0,0
19-Top-Down_jpg.rf.dfc049fff92a84b853141cf6c55d1d3a.jpg,1,0,0,0,0,0
22-Top-Down_jpg.rf.75d6a074566f98d6e550a6e61a85998d.jpg,1,0,0,0,0,0
25-Left_jpg.rf.7b936c789fbcafabb40ad9f5b06a55a7.jpg,0,0,0,0,1,0
11-Back_jpg.rf.7a9e0e0cd25c37a9f10623fd452a3334.jpg,0,0,0,1,0,0
25-Top-Down_jpg.rf.46076f23b0eaff7bcff1d34db67664de.jpg,0,0,0,0,1,0
6-Top-Down_jpg.rf.4595ad39091b60aa74671e999383cf60.jpg,1,0,0,0,0,0
22-Back_jpg.rf.853ac405341f7b9dda77f76c136fa033.jpg,0,0,0,0,1,0
37-Right_jpg.rf.904b66235ee7d26cb1499b048a19353c.jpg,1,0,0,0,0,0
25-Front_jpg.rf.8eae956abf0dc32717fef8958232f1cd.jpg,0,0,0,0,1,0
37-Back_jpg.rf.fcb45ad8e9358f5d5e371c8798e80bb1.jpg,1,0,0,0,0,0
22-Top-Down_jpg.rf.d96dcbc955c630afcdecf836e85be131.jpg,0,0,0,0,1,0
2-Back_jpg.rf.13d49c963a90e60d3160b242e71c061d.jpg,1,0,0,0,0,0
21-Left_jpg.rf.a349ae404de08031f944b3bdec40846c.jpg,0,0,0,0,1,0
3-Top-Down_jpg.rf.a454f8a5d7e0473ef7e31e9b4fd9aefd.jpg,1,0,0,0,0,0
28-Top-Down_jpg.rf.5d6dbbe64d9fa11d8860a50b1a3dc9cd.jpg,1,0,0,0,0,0
28-Front_jpg.rf.0c25f2443cde4d95bb756d5c3314566f.jpg,1,0,0,0,0,0
28-Front_jpg.rf.31fab39e61ce30449113ca9933aef268.jpg,0,0,0,0,1,0
22-Right_jpg.rf.8e3b0200b0f2a9ee78d24533541be06c.jpg,1,0,0,0,0,0
28-Back_jpg.rf.afcd3e56998f0c95b1501929997efa9d.jpg,1,0,0,0,0,0
24-Top-Down_jpg.rf.e910cf8000027bd26a3bb6df4419c2c9.jpg,0,0,0,0,1,0
2-Right_jpg.rf.6584bfb797f78d2efd9911802944bad8.jpg,1,0,0,0,0,0
3-Back_jpg.rf.e06ef9ace865e8ffed0f5f36dfba8a49.jpg,1,0,0,0,0,0
28-Right_jpg.rf.d0bbc20b5e2c74d45c4554b6086cdfc8.jpg,1,0,0,0,0,0
25-Back_jpg.rf.17b568a51b94951883c855affc053df6.jpg,0,0,0,0,1,0
1-Back_jpg.rf.4cd6cafe5d4862da57e3df13ba87ed2d.jpg,0,0,0,1,0,0
4-Front_jpg.rf.b0c5823e449d8470f0b0fd0fee653c38.jpg,0,0,0,0,1,0
13-Back_jpg.rf.0810af4230e189f75844a6d2f1bffa5a.jpg,0,0,0,1,0,0
5-Top-Down_jpg.rf.455b17d7c5554fe94fa20cc770961422.jpg,0,0,0,0,1,0
5-Right_jpg.rf.e814850594f1e03c722f50954ec29f0e.jpg,0,0,0,0,1,0
2-Front_jpg.rf.980a4e2d27ed78c7340c98100eabcd0f.jpg,0,0,0,1,0,0
2-Top-Down_jpg.rf.7c498c54f09b53278a4e03c96a5f4329.jpg,0,0,0,1,0,0
12-Back_jpg.rf.fb96bcc85edfb158cfc172b00f828f04.jpg,0,0,0,1,0,0
18-Left_jpg.rf.50a776fd6d88c40d3790db566ac7076c.jpg,0,0,0,1,0,0
17-Top-Down_jpg.rf.97c99984905637fd5beb42adef9d24fd.jpg,0,0,0,1,0,0
25-Front_jpg.rf.09bf6cfbe61891f95402117120c58509.jpg,0,0,0,1,0,0
21-Right_jpg.rf.d4ffe8b38b564709839e9aad19cb0014.jpg,0,0,0,1,0,0
25-Left_jpg.rf.568a636c7c3f3f7f4e5a6d41d5ebdbdf.jpg,0,0,0,0,1,0
24-Front_jpg.rf.ddd32341dd3f80f9665ef06576be34f6.jpg,0,0,0,1,0,0
9-Right_jpg.rf.ce2077c3649f8fb98b6044dd0daa725a.jpg,1,0,0,0,0,0
20-Back_jpg.rf.f890d76da7e3a2f4d3d40b90a95bd969.jpg,0,0,0,1,0,0
24-Back_jpg.rf.a3ea5f89526b683af1667fc3486c3467.jpg,0,0,0,1,0,0
21-Front_jpg.rf.7d493581e465682d6b9e81c72f57ade3.jpg,0,0,0,1,0,0
2-Back_jpg.rf.b659733dd02be6cdc9318485c214b311.jpg,0,0,0,1,0,0
20-Front_jpg.rf.dad59d597a7b5a7a3b459f7a46d1b460.jpg,0,0,0,1,0,0
18-Top-Down_jpg.rf.7d9e7652ac3cb3fe6a3a0092a125d04e.jpg,0,0,0,1,0,0
5-Front_jpg.rf.1942bd0714969a48a84011449fc26f48.jpg,0,0,0,0,1,0
23-Back_jpg.rf.aee8c9a749ab79f54bd08977fed6766d.jpg,0,0,0,0,1,0
21-Back_jpg.rf.b04b6481b05dfe1f2131461952d2b98f.jpg,0,0,0,1,0,0
13-Front_jpg.rf.7f469cbc0998c4dc266baa3a88fc3ef7.jpg,0,0,0,1,0,0
25-Back_jpg.rf.b8ccd61c370bc265453309384bcd6c03.jpg,0,0,0,0,1,0
24-Top-Down_jpg.rf.519067c58d7d24ec9cf68380cf2e6d67.jpg,0,0,0,0,1,0
21-Front_jpg.rf.ff2673792615d818f63c0f752a3e1bae.jpg,0,0,0,1,0,0
13-Left_jpg.rf.e71bdb8f615b0cb7ea3b14edf7e3a614.jpg,0,0,0,1,0,0
13-Right_jpg.rf.f44b3e5f14a73d3bf50605b773d8b0b7.jpg,0,0,0,1,0,0
13-Front_jpg.rf.456b61205d1d372fe495bd713027f048.jpg,0,0,0,1,0,0
2-Back_jpg.rf.362d2e2b6673ef42473bf33b4840a953.jpg,0,0,0,1,0,0
13-Left_jpg.rf.7efb94b97ddc04ada527f08ecb372524.jpg,0,0,0,1,0,0
16-Right_jpg.rf.dc6631f557a0dc301d1d7a99100353f8.jpg,0,0,0,1,0,0
2-Right_jpg.rf.61c7fef27de478e67d495d3e5698bb0b.jpg,0,0,0,1,0,0
24-Top-Down_jpg.rf.db7b13a0c5f483c10a4f906383bfb04f.jpg,0,0,0,1,0,0
18-Right_jpg.rf.09890658eafcd7d673c39c0dff18a74a.jpg,0,0,0,1,0,0
21-Left_jpg.rf.9a69aa72fb0bfb752e4b6d2ed5fa31b9.jpg,0,0,0,1,0,0
2-Front_jpg.rf.d18858a52a1a03fefdf6e5a12b3dbef2.jpg,0,0,0,1,0,0
26-Left_jpg.rf.5131277cb79b0777b4b77031b83c89d2.jpg,0,0,0,1,0,0
23-Top-Down_jpg.rf.9ab108799117a590d40ec2eeffca5834.jpg,0,0,0,0,1,0
8-Front_jpg.rf.0f47e15fabd10801e8aed4d0c11daa5a.jpg,0,0,0,1,0,0
14-Front_jpg.rf.96a9b8a11002205350a6723481792d45.jpg,0,0,0,1,0,0
25-Back_jpg.rf.487d43864acb73b61d425bb0c9d4ad47.jpg,0,0,0,1,0,0
24-Right_jpg.rf.344cd1982e6d674a2c13aacea0d5747d.jpg,0,0,0,1,0,0
17-Back_jpg.rf.f2ce96faa5b061fb2d9886b5c47305b6.jpg,0,0,0,1,0,0
26-Front_jpg.rf.567af390c0d7af6156af2694e9b1a202.jpg,0,0,0,1,0,0
23-Front_jpg.rf.2a1f9daa2b59b8e172fdaaea2ad470ca.jpg,0,0,0,0,1,0
14-Right_jpg.rf.54800722763c4397e57047c437b46d9f.jpg,0,0,0,1,0,0
24-Right_jpg.rf.cfaefa9e95b5fdea70cd396dfabaef2c.jpg,0,0,0,1,0,0
18-Top-Down_jpg.rf.3a0e3e7dde5452a13481e6960ccbe87f.jpg,0,0,0,1,0,0
8-Back_jpg.rf.5366cd16d809e59f2800fc1a72ebf8e2.jpg,0,0,0,1,0,0
9-Top-Down_jpg.rf.f0880e7d8a8e22f039013e5451305679.jpg,1,0,0,0,0,0
22-Front_jpg.rf.14dcccfbcba3b6a21b05f44984db9147.jpg,0,0,0,1,0,0
23-Back_jpg.rf.6722a50285876ebfca4a670a44775e87.jpg,0,0,0,1,0,0
18-Front_jpg.rf.931ea3adaebe42cae8f80f45e1abf31f.jpg,0,0,0,1,0,0
23-Right_jpg.rf.90385dd6ea5efa1ceaa5ea7059fbe345.jpg,0,0,0,1,0,0
23-Top-Down_jpg.rf.4397ec57bd43a5dd05935f9d9bdfdccc.jpg,0,0,0,1,0,0
10-Left_jpg.rf.fe80036fad4bb7548166f27421e4c899.jpg,0,0,1,0,0,0
25-Back_jpg.rf.e13bb620a29d67c3e6d8e6ea7672c953.jpg,0,0,0,1,0,0
25-Front_jpg.rf.2c9f10c54d6c940d1296dc0870a9044c.jpg,0,0,0,1,0,0
25-Left_jpg.rf.38165d614721c421a31de2ff4492739f.jpg,0,0,0,1,0,0
24-Back_jpg.rf.800a824c4f686dcd62bf9c3da58a0a42.jpg,0,0,0,1,0,0
10-Right_jpg.rf.22194d1fd1029ca7ff374e3cdf69ef2d.jpg,0,0,1,0,0,0
17-Top-Down_jpg.rf.db6272d0036f3f4b058ac5b8a229964a.jpg,0,0,0,1,0,0
23-Top-Down_jpg.rf.81b2b55ef79f7dc413abe3e58d7657ca.jpg,0,0,0,1,0,0
18-Right_jpg.rf.1cb99e6668a62875629e1e6aa25b9345.jpg,0,0,0,1,0,0
18-Front_jpg.rf.a0bf8b748eb56b3d51608e58fb8d5fc8.jpg,0,0,0,1,0,0
14-Back_jpg.rf.f97c5bcf6cb6afaeafedf9fa4cecbf4d.jpg,0,0,0,1,0,0
24-Front_jpg.rf.4b9af4faffcdfa38608571b05170a195.jpg,0,0,0,1,0,0
16-Back_jpg.rf.07cb6977d705f8eb04830656286edcdd.jpg,0,0,0,1,0,0
21-Right_jpg.rf.ac9d9559d811028c512b457a820c498b.jpg,0,0,0,1,0,0
16-Left_jpg.rf.fb841df229d9534f484bbffb4dd98f59.jpg,0,0,0,1,0,0
14-Left_jpg.rf.225da2207e44dc4276e26e3e075dd9c3.jpg,0,0,0,1,0,0
13-Back_jpg.rf.ed1da60df6c574af95323c18f4cec581.jpg,0,0,0,1,0,0
2-Right_jpg.rf.875d44bee07b8c463de261532dae0b16.jpg,0,0,0,1,0,0
27-Front_jpg.rf.fd0b4c57bda0823f2b1004421c0aa327.jpg,0,0,0,1,0,0
20-Left_jpg.rf.94dbcb05c2e209221e9cedfdcb9616b6.jpg,0,0,0,1,0,0
21-Left_jpg.rf.c23edbf015273d3332184556e8321f17.jpg,0,0,0,1,0,0
26-Back_jpg.rf.0398bb1c5058ed42ad41e8ade235628e.jpg,0,0,0,1,0,0
27-Back_jpg.rf.d28a8852069e87f4103f366052622dce.jpg,0,0,0,1,0,0
27-Left_jpg.rf.59063a6444dc95c51c7ee6da0bed1025.jpg,0,0,0,1,0,0
1-Back_jpg.rf.869eb9e508c4990dbcd40b68fe144832.jpg,0,0,1,0,0,0
22-Front_jpg.rf.5321565f6aee0be61d4750d2d2e2a944.jpg,0,0,0,1,0,0
15-Right_jpg.rf.5a2fd8903f1cbb225f18e2f037dbe6f3.jpg,0,0,0,1,0,0
4-Left_jpg.rf.c091a67b1c38186ae655ec48b1c94089.jpg,0,0,0,0,1,0
23-Back_jpg.rf.98c2abc0e3f91795128672b299ccda1d.jpg,0,0,0,1,0,0
23-Front_jpg.rf.f44cf19500d10235209361af03adeeb5.jpg,0,0,0,1,0,0
23-Front_jpg.rf.1aef1aec5459426be9c70c7f508b5fe5.jpg,0,0,0,1,0,0
18-Back_jpg.rf.85c336ef850c73a6b9ab38e2b97ddebf.jpg,0,0,0,1,0,0
23-Left_jpg.rf.c41126ab20f3a12d0ed1885fcaff43a3.jpg,0,0,0,1,0,0
18-Left_jpg.rf.eadccfd3df6568960259d4529d6c2b64.jpg,0,0,0,1,0,0
8-Left_jpg.rf.46d5c2500c1b05be747789d2c3dbac51.jpg,0,0,0,1,0,0
22-Left_jpg.rf.d576e3c7a58d13a8b49f3d2f45f0722b.jpg,0,0,0,1,0,0
24-Front_jpg.rf.798b727cf479e97ffb178b8dc17ec4e8.jpg,0,0,0,1,0,0
6-Front_jpg.rf.c0b1a0b36b194d09c14bdb9042987db2.jpg,0,0,0,1,0,0
23-Right_jpg.rf.a146a6d763577cdbf5186112eb65f289.jpg,0,0,0,1,0,0
16-Right_jpg.rf.55ca31498d9782a535f5232edc54daa6.jpg,0,0,0,1,0,0
10-Back_jpg.rf.5823c25d00d465150956a635f3eaf8a6.jpg,0,0,1,0,0,0
27-Top-Down_jpg.rf.c0755d9395079d3a791a70b926d9f7b3.jpg,0,0,0,1,0,0
7-Left_jpg.rf.301064fca2ae0701882895e85a13a30e.jpg,0,0,0,1,0,0
1-Front_jpg.rf.e85e01ffc4f04ae63fcbc7be48bbcac3.jpg,0,0,1,0,0,0
23-Front_jpg.rf.7bd857014846f263401c0e8a086835ba.jpg,0,0,0,1,0,0
26-Top-Down_jpg.rf.063b920faccb4869d75f475b6f7207f9.jpg,0,0,0,1,0,0
22-Left_jpg.rf.86a6ec321b6f20ff9e28c29b5e59210b.jpg,0,0,0,1,0,0
22-Left_jpg.rf.3a230c9e4c1e145c97d2888d9a6a24a0.jpg,0,0,0,1,0,0
22-Front_jpg.rf.bb463df85cbf2f32150cb9848cf3261e.jpg,0,0,0,1,0,0
24-Right_jpg.rf.cea0401ddc50435c52665f3b92ea594a.jpg,0,0,0,1,0,0
17-Back_jpg.rf.15074d40dd9b06987ce47152c8619c9f.jpg,0,0,0,1,0,0
15-Back_jpg.rf.c8b0829da8c32c1a4715fc1b4fe6dcf5.jpg,0,0,1,0,0,0
6-Left_jpg.rf.efbda04df86b2b771c994ae213067b88.jpg,0,0,0,1,0,0
12-Right_jpg.rf.857f58ba4bfd7c0a727fd5abb8945d32.jpg,0,0,0,1,0,0
27-Left_jpg.rf.e577de5d95fe4b29245457360623055c.jpg,0,0,0,1,0,0
6-Left_jpg.rf.e98e8336c3e210921a844142e302ec4a.jpg,0,0,0,1,0,0
24-Top-Down_jpg.rf.13c9fa7848a60ddfeeaa5799698dcd55.jpg,0,0,0,1,0,0
18-Back_jpg.rf.1c915082274d80d9d7d00511275104d6.jpg,0,0,0,1,0,0
23-Back_jpg.rf.fd0182adf4a16015c2963c199f3a49c4.jpg,0,0,0,1,0,0
7-Top-Down_jpg.rf.90b13900db01905be04ede14a02e8520.jpg,0,0,0,1,0,0
24-Back_jpg.rf.1f2f5f4d74079c5ff0dc30e0a884724e.jpg,0,0,0,1,0,0
24-Top-Down_jpg.rf.3874c69ae1ece3a70820d8da4714ef5d.jpg,0,0,0,1,0,0
27-Front_jpg.rf.64eabece4aa73c3ac1d461a2c17fe9cc.jpg,0,0,0,1,0,0
21-Right_jpg.rf.5acf853723634cc8615ec457be477475.jpg,0,0,0,1,0,0
12-Left_jpg.rf.1c6c3ac871c4d8c89a9ae87555021220.jpg,0,0,1,0,0,0
12-Top-Down_jpg.rf.943e55db70349e47af32d0bcece1223a.jpg,0,0,0,1,0,0
12-Top-Down_jpg.rf.460d44e5872765a05700d54eb8f0b7e6.jpg,0,0,1,0,0,0
6-Front_jpg.rf.b4b639381577cd6d1c41ba5b8341546c.jpg,0,0,0,1,0,0
27-Left_jpg.rf.6f388d297a5a659a64dbd84fc19a9ef4.jpg,0,0,0,1,0,0
12-Left_jpg.rf.acdeda77b2b59efcd6e35255e502d8dd.jpg,0,0,1,0,0,0
14-Right_jpg.rf.ccd30d334830afdc61d4ad95c98ee98b.jpg,0,0,1,0,0,0
23-Top-Down_jpg.rf.f7095301daefdc538f8a3dfc9f344140.jpg,0,0,0,1,0,0
12-Back_jpg.rf.170672572a5f954a43736cf9daaf25e6.jpg,0,0,1,0,0,0
27-Top-Down_jpg.rf.c0e7be54420cb4ec6ec8f377f6ca4561.jpg,0,0,0,1,0,0
25-Back_jpg.rf.04dee870778d0f8a5491b043ce551eb2.jpg,0,0,0,1,0,0
27-Back_jpg.rf.d013f4d0475d73e5e09eba8e9c8123f7.jpg,0,0,0,1,0,0
26-Top-Down_jpg.rf.73eb05e22743dd6ac78fd545ae87d41d.jpg,0,0,0,1,0,0
25-Front_jpg.rf.4f2cc0c3a45c7d0188598e9236ecd017.jpg,0,0,0,1,0,0
27-Top-Down_jpg.rf.e5195879cd7ca0451c65a2ff3a6a14b6.jpg,0,0,0,1,0,0
12-Right_jpg.rf.9a168e9f688eac5b8afbe8b6084db40f.jpg,0,0,1,0,0,0
12-Front_jpg.rf.f4019750ecbbb063013811f5cafdb124.jpg,0,0,1,0,0,0
14-Back_jpg.rf.9755aae3890465ffd05f7a140f448704.jpg,0,0,1,0,0,0
26-Top-Down_jpg.rf.a493252b9fd3ca212a3d5d9677542490.jpg,0,0,0,1,0,0
12-Right_jpg.rf.34ab04a3e5914075273abbb2f7b1b3ce.jpg,0,0,1,0,0,0
23-Right_jpg.rf.79abef56366ac361a98199b0a1a28680.jpg,0,0,0,1,0,0
14-Right_jpg.rf.234ad70b49d08f62cc77e4cbf5357571.jpg,0,0,1,0,0,0
12-Top-Down_jpg.rf.a936009e07e8a8f38695422ce980e3a3.jpg,0,0,1,0,0,0
14-Back_jpg.rf.2f36d5cb8a36ef9c7476d2be4e644f62.jpg,0,0,1,0,0,0
26-Left_jpg.rf.e754ddfff4ea1e72fedf30ecbdcfd20f.jpg,0,0,0,1,0,0
26-Front_jpg.rf.1aedb63b9090da388320f44bfe339f04.jpg,0,0,0,1,0,0
12-Top-Down_jpg.rf.b05df098a69b2564e86617f6c1bad2f3.jpg,0,0,1,0,0,0
12-Back_jpg.rf.b5c4a7b546490a71ad5551202adfadfb.jpg,0,0,1,0,0,0
23-Left_jpg.rf.a7fef5301f449db95a6dcd1d388a97a4.jpg,0,0,0,1,0,0
14-Front_jpg.rf.afc3f086e83915f085f03c5f74e7b591.jpg,0,0,1,0,0,0
14-Left_jpg.rf.d5ba2c618e3660731cd069816d98269c.jpg,0,0,1,0,0,0
26-Back_jpg.rf.0774481e8a3516dacba2dc995899da49.jpg,0,0,0,1,0,0
12-Right_jpg.rf.8f3a3b839b9654c4b643aaecf0ae2de0.jpg,0,0,1,0,0,0
25-Left_jpg.rf.bd507869b29c1c7812ef7b3142aed2d9.jpg,0,0,0,1,0,0
7-Top-Down_jpg.rf.6b08b65753f1bbfc7e3b9667884b5283.jpg,0,0,0,1,0,0
7-Front_jpg.rf.7db23e2c79b0d8c56e5891d2cf787398.jpg,0,0,0,1,0,0
14-Left_jpg.rf.212380e4fd437032c15346c37fe1fee8.jpg,0,0,1,0,0,0
14-Back_jpg.rf.05ee76b529fa65c66a741a476aedca80.jpg,0,0,1,0,0,0
25-Left_jpg.rf.bd80806e7567140b17241b7b07676c58.jpg,0,0,0,1,0,0
6-Front_jpg.rf.1266822e8d5736b8b4270807328bd330.jpg,0,0,0,1,0,0
7-Left_jpg.rf.8ad4fd9bc8595a744029c7d63df05e89.jpg,0,0,0,1,0,0
26-Back_jpg.rf.e35bd672d0c5b0d1b59fa8537cd6d5fb.jpg,0,0,0,1,0,0
15-Back_jpg.rf.bce77ac673093a0048c56007a2bfdf2d.jpg,0,0,1,0,0,0
7-Front_jpg.rf.abb505ff53597fd460209845ce29df26.jpg,0,0,0,1,0,0
26-Front_jpg.rf.251be0d853f1120ab6518ad19ebaea62.jpg,0,0,0,1,0,0
6-Left_jpg.rf.1d5e0d0f3ad3edd1326d3eb592282259.jpg,0,0,0,1,0,0
13-Right_jpg.rf.7e14cd304e915a952b883d85b9c15079.jpg,0,0,0,1,0,0
14-Front_jpg.rf.f521530868b470c00a5763c3a97614c6.jpg,0,0,1,0,0,0
8-Left_jpg.rf.5a20d653b2b7a5431eabc500a530f688.jpg,0,0,0,1,0,0
11-Left_jpg.rf.ab6315d3b8c21a7ffea63154ce7ef3e7.jpg,0,0,1,0,0,0
8-Front_jpg.rf.ff4420c67bc5b7def4ee84b41441b79a.jpg,0,0,0,1,0,0
7-Left_jpg.rf.6598923a636501fc7cdab9e5d918eb34.jpg,0,0,0,1,0,0
15-Left_jpg.rf.304d8c08422e4c0eecc66376f7555831.jpg,0,0,1,0,0,0
10-Right_jpg.rf.80ba755a59c1333914445ceaa762c2cc.jpg,0,0,1,0,0,0
11-Front_jpg.rf.3f527cf6c49a6d2d4faaa18eb00cdda1.jpg,0,0,1,0,0,0
10-Back_jpg.rf.59db3a35865ae7d7471bf908c1c0d64d.jpg,0,0,1,0,0,0
26-Left_jpg.rf.f8c0d083e1e6ea5622ec06a30bea1d72.jpg,0,0,0,1,0,0
8-Back_jpg.rf.0922bd8227134d26c366a8acdf489cef.jpg,0,0,0,1,0,0
1-Back_jpg.rf.ff58c56eac969238a8c4143860bc1ecf.jpg,0,0,1,0,0,0
11-Left_jpg.rf.b5c47817e6d9807d2cd2ff86ea23f941.jpg,0,0,1,0,0,0
12-Back_jpg.rf.9d501ac599be87f2eabc33286b39496d.jpg,0,0,1,0,0,0
12-Front_jpg.rf.6c636b7526a8f07671f61e736ecf66a9.jpg,0,0,1,0,0,0
12-Left_jpg.rf.c1f63ae0e5503c6dbec8eac990d6d576.jpg,0,0,1,0,0,0
1-Front_jpg.rf.cdb8b719fc9707df076c4da571cecc2b.jpg,0,0,1,0,0,0
11-Left_jpg.rf.2538ca8cfb6e0cae4bcd7495932e25fe.jpg,0,0,1,0,0,0
27-Front_jpg.rf.8a200c7cb296d988cbcf2452ed1b35dd.jpg,0,0,0,1,0,0
7-Top-Down_jpg.rf.f0d24781772b9e18e7a332497534788d.jpg,0,0,0,1,0,0
27-Back_jpg.rf.98a40183657577b1db1996a36f94a62f.jpg,0,0,0,1,0,0
10-Left_jpg.rf.819ad247b8761fe063f8e29d3f389610.jpg,0,0,1,0,0,0
1-Front_jpg.rf.fbb4b0a453ffca60be2e117b568ac88c.jpg,0,0,1,0,0,0
12-Front_jpg.rf.18fe18674a0041ab5dcebec962aa58fb.jpg,0,0,1,0,0,0
14-Front_jpg.rf.84e68f3123b33e0444f93c06b27eb118.jpg,0,0,1,0,0,0
10-Right_jpg.rf.7b61690a3648ed388660e9d14c5f1aac.jpg,0,0,1,0,0,0
11-Front_jpg.rf.9a9d609daa8a7d00b3df7bde3e5db492.jpg,0,0,1,0,0,0
15-Left_jpg.rf.9030a9caf01b3ba26fdee7e61a028214.jpg,0,0,1,0,0,0
15-Back_jpg.rf.8a3e79e5684fde3c309f9bc2519b2b09.jpg,0,0,1,0,0,0
11-Front_jpg.rf.76ec9a621f5c31f42a30969c4becdccb.jpg,0,0,1,0,0,0
7-Front_jpg.rf.5639e520ca4452752853764edc3bc710.jpg,0,0,0,1,0,0
10-Left_jpg.rf.6acfd4dcc62cd70e8507bcf38cf61061.jpg,0,0,1,0,0,0
11-Back_jpg.rf.d3f868be21674df73a2f2c3d25818a04.jpg,0,0,1,0,0,0
11-Back_jpg.rf.b6e3d57275596db16708a6e640416689.jpg,0,0,1,0,0,0
15-Left_jpg.rf.d67ef40200e0a4de44c1851829b8be2b.jpg,0,0,1,0,0,0
8-Front_jpg.rf.7421ee48f3e55c4859498826ad7c8df8.jpg,0,0,0,1,0,0
1-Back_jpg.rf.650f2cc756808f709181ed673cc785db.jpg,0,0,1,0,0,0
14-Left_jpg.rf.2a436dd59de7d1b30b254adf93495c96.jpg,0,0,1,0,0,0
10-Back_jpg.rf.f1d36d3d5f54262a10547416ad3003a2.jpg,0,0,1,0,0,0
14-Right_jpg.rf.231db8cacf03baa59dcb822c44c3b58f.jpg,0,0,1,0,0,0
8-Left_jpg.rf.eb0b2b7548406c916aa908b08af75bb5.jpg,0,0,0,1,0,0
8-Back_jpg.rf.a265b76d3f533b1387c6fbaf1450674e.jpg,0,0,0,1,0,0
11-Back_jpg.rf.e8613369b19009c0e3cc2aa2e242fde2.jpg,0,0,1,0,0,0
35-Top-Down_jpg.rf.08c92c383b41eb0feea2908ac3815899.jpg,0,0,1,0,0,0
18-Front_jpg.rf.3cdcbd8dc4e09e9c3b1efc27ec6d85a2.jpg,0,0,1,0,0,0
15-Top-Down_jpg.rf.3b0c28d2374eb92e72c16581256fb302.jpg,0,0,1,0,0,0
16-Front_jpg.rf.bbbba268c9aad105fdb45d02ad9ae495.jpg,0,0,1,0,0,0
18-Left_jpg.rf.593b8defbd40f53a0628606caf6b3dd1.jpg,0,0,1,0,0,0
36-Left_jpg.rf.14f68303324369cadccb71139911f23f.jpg,0,0,1,0,0,0
16-Left_jpg.rf.e7b0f80a216be0c4f67ebabffd46400a.jpg,0,0,1,0,0,0
35-Left_jpg.rf.5cc1c80c5d106fb194632aa1ac839a5c.jpg,0,0,1,0,0,0
36-Right_jpg.rf.cb9051ea6f0271b831fb25b47d7627e9.jpg,0,0,1,0,0,0
20-Left_jpg.rf.fd0699f977d38734a6eee12a7f9987da.jpg,0,0,1,0,0,0
16-Right_jpg.rf.0bb61d21fa4b329273502dfc901f1098.jpg,0,0,1,0,0,0
20-Back_jpg.rf.7ff7255a84b53fa109e4ca675a2c0894.jpg,0,0,1,0,0,0
12-Back_jpg.rf.3917624412bdfb607c9d93ffc12bcac4.jpg,0,1,0,0,0,0
36-Top-Down_jpg.rf.bcd6daca8253e563ea26375156df2f30.jpg,0,0,1,0,0,0
27-Back_jpg.rf.9782f3a5584184fcacc7c8e39209d7d6.jpg,0,0,1,0,0,0
20-Front_jpg.rf.b7ffc5c3011e57c259207bf125b80bc5.jpg,0,0,1,0,0,0
37-Left_jpg.rf.e13b333abc82c672ba2f5cef8b687dd9.jpg,0,0,1,0,0,0
36-Front_jpg.rf.32bf2d6740670c91b36104a471c5198f.jpg,0,0,1,0,0,0
18-Top-Down_jpg.rf.bf47b0db18f8c4969137112b3a8bf02e.jpg,0,0,1,0,0,0
37-Back_jpg.rf.4a152554de362888d6788e08ee9181af.jpg,0,0,1,0,0,0
15-Top-Down_jpg.rf.c42e429886b4961be15e5c8525137200.jpg,0,0,1,0,0,0
27-Right_jpg.rf.2d095b4261f16e668d1ed7c8b5db2418.jpg,0,0,1,0,0,0
16-Back_jpg.rf.e46fa16047350c2ca21763ec19f7cdeb.jpg,0,0,1,0,0,0
20-Front_jpg.rf.2b2f172b6ad907f5ab372b86bb20c272.jpg,0,0,1,0,0,0
18-Front_jpg.rf.2434285571cce1e4503a36e200d23223.jpg,0,0,1,0,0,0
37-Right_jpg.rf.928fcc7a86e77a82b62ca7f8fb72b21b.jpg,0,0,1,0,0,0
16-Back_jpg.rf.ba4be43c9c7339854377d874d3096255.jpg,0,0,1,0,0,0
35-Right_jpg.rf.d77641e31459cfcfe428261c417c6a5c.jpg,0,0,1,0,0,0
27-Front_jpg.rf.f34ddfb7aebdb2c4fd450b2cb82b66aa.jpg,0,0,1,0,0,0
38-Back_jpg.rf.d8617650577097018f4a0e07d1ebd99f.jpg,0,0,1,0,0,0
29-Back_jpg.rf.d0c5da0020d50dea38e78b6267083904.jpg,0,0,1,0,0,0
3-Back_jpg.rf.65157fdccae46c08d088ecab35fe8af9.jpg,0,0,0,0,0,1
18-Left_jpg.rf.87619603a6f3de38a77792424d8e3c2e.jpg,0,0,1,0,0,0
38-Top-Down_jpg.rf.22c2dec9c1fd7eed08fe568fa238b690.jpg,0,0,1,0,0,0
16-Front_jpg.rf.8fc761739f3f295d3a2f89c2679cb444.jpg,0,0,1,0,0,0
3-Right_jpg.rf.564cb2a5d8bdcefd9f0ab411fc476e31.jpg,0,0,0,0,0,1
38-Left_jpg.rf.f681d8ea80c2ed5a23ec3a9f2d321200.jpg,0,0,1,0,0,0
37-Top-Down_jpg.rf.e215d3356afca09e30a3fe851019430e.jpg,0,0,1,0,0,0
39-Left_jpg.rf.5915a5190643d61657b576c7fab1eae0.jpg,0,0,1,0,0,0
38-Right_jpg.rf.94dfc817e2a2d8ec69d75b71ac1bad21.jpg,0,0,1,0,0,0
39-Back_jpg.rf.0d75e38c907355392f0edf5ad747deb2.jpg,0,0,1,0,0,0
27-Left_jpg.rf.4badb5aba94c327ebef44394462a42e4.jpg,0,0,1,0,0,0
39-Front_jpg.rf.0270febc5770ac78d3c8391bdd3e2dcc.jpg,0,0,1,0,0,0
2-Right_jpg.rf.e7f5e0dfee223d64f874b86be5f87da7.jpg,0,0,0,0,0,1
3-Top-Down_jpg.rf.025ad3e4be461bac110185a9131d7f50.jpg,0,0,0,0,0,1
20-Back_jpg.rf.a9864a01fef46db7449579072eac916a.jpg,0,0,1,0,0,0
39-Right_jpg.rf.aa49630faf13a6cc644aae93eca0d815.jpg,0,0,1,0,0,0
3-Left_jpg.rf.a39c5cfec11e8873a4f6341c1964ad0f.jpg,0,0,0,0,0,1
20-Left_jpg.rf.fc4ab00a53567f8e964751da56cff0a2.jpg,0,0,1,0,0,0
3-Front_jpg.rf.7481c037eeef55f9a4be2799bf633d1b.jpg,0,0,0,0,0,1
29-Top-Down_jpg.rf.ba058037640464d7d4f4ad577d237316.jpg,0,0,1,0,0,0
27-Top-Down_jpg.rf.76bc431b3470c1ff212a9d3344a73bc9.jpg,0,0,1,0,0,0
16-Right_jpg.rf.c7c3cd5f3f5cc085d45237a2c653511c.jpg,0,0,1,0,0,0
4-Back_jpg.rf.1222079d832e5e4e69bd5ff2ad2e6765.jpg,0,0,0,0,0,1
24-Front_jpg.rf.2fd2c8bdd87513b390e914913f75fea4.jpg,0,0,1,0,0,0
21-Left_jpg.rf.e9a022684c5763647779023044730fbf.jpg,0,0,1,0,0,0
21-Back_jpg.rf.0de4f4bfce73b04158b8b33f79c8a224.jpg,0,0,1,0,0,0
21-Front_jpg.rf.d00e69a373f130520a67b843468aa93e.jpg,0,0,1,0,0,0
18-Top-Down_jpg.rf.03cd9d7147c616014ea0483c847da336.jpg,0,0,1,0,0,0
5-Left_jpg.rf.f849dedb44137715a17a852d4db3beb1.jpg,0,0,0,0,0,1
4-Left_jpg.rf.5d9a25efdcc06d8cda5a2fe06f9d8a93.jpg,0,0,0,0,0,1
5-Right_jpg.rf.54cb28fccd36591d0649a755d4f33b2f.jpg,0,0,0,0,0,1
15-Top-Down_jpg.rf.68776d7d4649cc926f8ec8552e8b58e6.jpg,0,0,0,0,0,1
24-Right_jpg.rf.e1fbdefcbcb0eee9e484b7979f5ea4a4.jpg,0,0,1,0,0,0
7-Front_jpg.rf.b443d866a619515dc9fd58e1abbc2dd9.jpg,0,0,1,0,0,0
27-Back_jpg.rf.3fe4102889dc6a4226f6bb5e34d98c53.jpg,0,0,1,0,0,0
24-Top-Down_jpg.rf.2f6c23b6fd7dd55401ba0e5ac52ee77f.jpg,0,0,1,0,0,0
4-Right_jpg.rf.84c670544b5393667a129c6585652f3b.jpg,0,0,0,0,0,1
7-Top-Down_jpg.rf.2ccfa8789f2ac4b4630b8f081dd85597.jpg,0,0,1,0,0,0
24-Left_jpg.rf.ecad9cf84c10a28e4d04cd4b8725e3fd.jpg,0,0,1,0,0,0
5-Front_jpg.rf.d71f6e4bdee5e1cd81a1d9118e6e2e0c.jpg,0,0,0,0,0,1
3-Right_jpg.rf.abd4d335dcf044b96606303d11986bb7.jpg,0,0,1,0,0,0
39-Top-Down_jpg.rf.423f4625a7b2ea7aed25e57c3dc5c455.jpg,0,0,1,0,0,0
21-Top-Down_jpg.rf.40619e9ff3b299e646b7b14bce677362.jpg,0,0,1,0,0,0
16-Left_jpg.rf.e279efcfea64b8a915607d53647d6255.jpg,0,0,1,0,0,0
20-Top-Down_jpg.rf.e87597c6910f5345997d9c82c0dbf931.jpg,0,0,1,0,0,0
2-Top-Down_jpg.rf.b909c24571ab7f11269a81a1871133ce.jpg,0,0,0,0,0,1
7-Back_jpg.rf.a2d691a94c536575c6903fdbbc89c235.jpg,0,0,1,0,0,0
13-Front_jpg.rf.47d3fb592f9480d27f2a5ad96e947dce.jpg,0,0,0,0,1,0
3-Left_jpg.rf.5c269592550801f20b8757196dfd1b29.jpg,0,0,1,0,0,0
21-Top-Down_jpg.rf.4d0ce0f76510029e6871df149af1a74b.jpg,0,0,1,0,0,0
21-Back_jpg.rf.10f88007d2d4700f411cb9bfe5336510.jpg,0,0,1,0,0,0
27-Front_jpg.rf.9cd309b01cb72e30b14dce2497524cdf.jpg,0,0,1,0,0,0
21-Front_jpg.rf.bd246de1fc1b0466a5355fec31cd27ac.jpg,0,0,1,0,0,0
27-Left_jpg.rf.b53a387a88550c020dd8a041857aaaff.jpg,0,0,1,0,0,0
15-Right_jpg.rf.a61a97df142ca5e442e0b30b7f5eeb2d.jpg,0,0,0,0,0,1
7-Left_jpg.rf.ef930e4ddecaf13b340ba7730513525a.jpg,0,0,1,0,0,0
21-Left_jpg.rf.62c8007141c45fda3c49aa8272f54176.jpg,0,0,1,0,0,0
1-Right_jpg.rf.9be0cd069e9b1c4644d65d3bdfe18303.jpg,0,1,0,0,0,0
13-Right_jpg.rf.a0616f9182519b2259b1a35f254c3c44.jpg,0,0,0,0,1,0
12-Right_jpg.rf.f735dae8555d6b6baa790912d3afab0c.jpg,0,0,0,0,0,1
13-Left_jpg.rf.502adfa845f01f1ddb9ccaf60c31591d.jpg,0,0,0,0,0,1
20-Top-Down_jpg.rf.203d6110b971a5e92711d1ee003c5e3a.jpg,0,0,1,0,0,0
12-Left_jpg.rf.221be4078d2243280639880ccbf19162.jpg,0,1,0,0,0,0
29-Back_jpg.rf.4a74ae02f7d5ea948326c73ba6c0442d.jpg,0,0,1,0,0,0
27-Right_jpg.rf.92d5cbde93bae66e53076c4dfd89c2fb.jpg,0,0,1,0,0,0
39-Top-Down_jpg.rf.ac0aa1ba1e512a1363614b820127d0fe.jpg,0,0,1,0,0,0
24-Front_jpg.rf.aa95c4dcdd277548e7b71d7ebb312532.jpg,0,0,1,0,0,0
16-Left_jpg.rf.fc42f841eca3922a8103757a090361f1.jpg,0,0,0,0,0,1
13-Top-Down_jpg.rf.23b4f5005102e248c5502e224c292d76.jpg,0,0,0,0,1,0
3-Left_jpg.rf.ff9310f292822a0798ab325d0de8742b.jpg,0,0,1,0,0,0
29-Top-Down_jpg.rf.8e5e9c3e5a243631afc308131242c044.jpg,0,0,1,0,0,0
13-Back_jpg.rf.9a4af9db69eefcf85ed038057a5b2993.jpg,0,0,0,0,0,1
27-Top-Down_jpg.rf.9d338863417bf7a179f2753a6a6b12ac.jpg,0,0,1,0,0,0
16-Back_jpg.rf.f8ae02cce21932bd23ee0542229c14a1.jpg,0,0,0,0,0,1
1-Left_jpg.rf.8e5a7523c3aa2505fb34a6f5b12ba80b.jpg,0,1,0,0,0,0
16-Right_jpg.rf.8c058fc5ffcd8baf6a7187d5e33652ce.jpg,0,0,0,0,0,1
12-Top-Down_jpg.rf.c33601ea90a470665ad66bf0eaa30689.jpg,0,0,0,0,0,1
39-Right_jpg.rf.e168f20efd7b9bec29f08dc2d54506a7.jpg,0,0,1,0,0,0
24-Top-Down_jpg.rf.2232644f05cfad4fb22f382fa002497c.jpg,0,0,1,0,0,0
7-Back_jpg.rf.d2308b4662f02d3c7b846b5cabf60bce.jpg,0,0,1,0,0,0
24-Right_jpg.rf.5b84197116ee0c5f6841cd407f439095.jpg,0,0,1,0,0,0
17-Back_jpg.rf.4729ddf8ce7134784dd3438ff10f69cd.jpg,0,0,0,0,0,1
17-Front_jpg.rf.8ba0ddc7374e5596a52802a1fe6ae3a6.jpg,0,0,0,0,0,1
14-Right_jpg.rf.536096272f9f0ada67b0a3e8c4ee6da5.jpg,0,0,0,0,0,1
13-Front_jpg.rf.92ced78eff3dfbacbc8ba46b9a755942.jpg,0,0,0,0,0,1
17-Left_jpg.rf.ac3e43c791e49d0826571302913a4e43.jpg,0,0,0,0,0,1
30-Right_jpg.rf.f226e159cc9da400289f23c5c1f823f5.jpg,0,0,1,0,0,0
23-Right_jpg.rf.799767c03eb64609e34b7146a318265a.jpg,0,0,1,0,0,0
1-Right_jpg.rf.4b674f1cc9cb6d20cb68733c1d0fa26c.jpg,0,1,0,0,0,0
14-Top-Down_jpg.rf.9337dfe3ca851b1e2b3ab2e72902995f.jpg,0,0,0,0,0,1
23-Top-Down_jpg.rf.557d146bc6fc168fb6da1ed558488fa6.jpg,0,0,1,0,0,0
23-Front_jpg.rf.5efb797ed58ccfb53ec55dad1bee8ed6.jpg,0,0,1,0,0,0
30-Left_jpg.rf.096dc2d558eb802dcabb2a186be0fc47.jpg,0,0,1,0,0,0
1-Left_jpg.rf.14cf6025ca8154bc5af285b722a7de47.jpg,0,1,0,0,0,0
9-Front_jpg.rf.8f5eaa592a300c8127efd96e3baef332.jpg,0,0,0,0,0,1
31-Left_jpg.rf.a6c4154a2e0dc8ce344ad239347e6235.jpg,0,0,1,0,0,0
9-Left_jpg.rf.3a2ef364dc6912eac7a8e246928bc68b.jpg,0,0,0,0,0,1
30-Top-Down_jpg.rf.6a30a072ab6d315eae8cb73756b5aee6.jpg,0,0,1,0,0,0
9-Right_jpg.rf.ef3f22d9d8f4ce2207694d942be79409.jpg,0,0,0,0,0,1
14-Back_jpg.rf.7020248064970956d37692ca5cf5fcf4.jpg,0,0,0,0,0,1
31-Back_jpg.rf.97a970bcd923c3361e360ab2b89027e5.jpg,0,0,1,0,0,0
15-Front_jpg.rf.65bfb45a901e84759face60f8efaeded.jpg,0,0,0,0,0,1
23-Back_jpg.rf.961cd4ed18685b33e3fab03252b49930.jpg,0,0,1,0,0,0
14-Front_jpg.rf.e90e884fb2cfea325767c4272c341df1.jpg,0,0,0,0,0,1
9-Back_jpg.rf.5bf0bdb353cb6f1c4314a6614527b3ec.jpg,0,0,0,0,0,1
7-Front_jpg.rf.cb12f3523b983fbd6a9faede40ec76d8.jpg,0,0,1,0,0,0
7-Left_jpg.rf.e99c1d46494d871f216d035c25675d04.jpg,0,0,1,0,0,0
1-Back_jpg.rf.6fa7f120ab459a00fe79e3e2bd594723.jpg,0,0,0,0,1,0
9-Top-Down_jpg.rf.321828bd28de325ead09932183ab8d99.jpg,0,0,0,0,0,1
7-Top-Down_jpg.rf.446e78b3f9a12a2fd1615c66f1452b7e.jpg,0,0,1,0,0,0
12-Back_jpg.rf.24e7acf1f9af91c387d3cfc0bcd0cdbd.jpg,0,1,0,0,0,0
1-Front_jpg.rf.f7bd64228cf491b9017df46c54445b0d.jpg,0,0,0,0,1,0
24-Left_jpg.rf.f7b661face12b9c76cd62c03e38ba505.jpg,0,0,1,0,0,0
31-Top-Down_jpg.rf.a4535cb16c2da04bfacc424caa11e554.jpg,0,0,1,0,0,0
34-Left_jpg.rf.c8a15796f15eefaf4008c82d2e19be16.jpg,0,0,1,0,0,0
36-Front_jpg.rf.58887bd07d5885591d63f5c302bf7d19.jpg,0,0,1,0,0,0
35-Top-Down_jpg.rf.8e5f87053802279706f5bc9a44124a8b.jpg,0,0,1,0,0,0
14-Left_jpg.rf.b52f6f20fd199157ee897cc755d7ad75.jpg,0,1,0,0,0,0
11-Back_jpg.rf.548c09cac3fbe9baa18f6cd87be601aa.jpg,0,0,0,0,1,0
14-Back_jpg.rf.f4b44d8e51589cf3b5f69293d6a3d4d4.jpg,0,1,0,0,0,0
36-Right_jpg.rf.06331dcabb071ef900b011d6d95f4221.jpg,0,0,1,0,0,0
31-Right_jpg.rf.2d6bb38461c340ce92b616f27a8cebce.jpg,0,0,1,0,0,0
14-Right_jpg.rf.3748385595c502aa29bb1974799a833b.jpg,0,1,0,0,0,0
37-Left_jpg.rf.e33b8427501a0c16379b97a2a6c74912.jpg,0,0,1,0,0,0
11-Back_jpg.rf.523d997ff83bf0eecf75c5852ce88efe.jpg,0,0,0,0,0,1
6-Front_jpg.rf.7879683e5d83eda70ab1eedbfe6b61ef.jpg,0,0,0,0,0,1
34-Front_jpg.rf.966d66b6021d9694e908beb352a4af94.jpg,0,0,1,0,0,0
34-Back_jpg.rf.3362becde8a4a3b9b5bde8eb70c675f1.jpg,0,0,1,0,0,0
10-Right_jpg.rf.59bed23b1db643ae35076577dca0adf1.jpg,0,0,0,0,0,1
36-Top-Down_jpg.rf.41dcbc09566029112b9af687c5b12fb8.jpg,0,0,1,0,0,0
37-Right_jpg.rf.8a1117f688a90b65e9d422f89a83faf0.jpg,0,0,1,0,0,0
37-Back_jpg.rf.21a86a443a547f768a0717ce392d2f92.jpg,0,0,1,0,0,0
34-Right_jpg.rf.52ed1de53ade01d90670944c8c1bae2d.jpg,0,0,1,0,0,0
38-Back_jpg.rf.28dc2f8b1e22be1989951abe1cfd50bf.jpg,0,0,1,0,0,0
36-Left_jpg.rf.01234f4e4fcbccfb7a624a971fe46a2f.jpg,0,0,1,0,0,0
11-Top-Down_jpg.rf.597ff2cfa6f23dd3de9a6cbb4d49e78c.jpg,0,0,0,0,1,0
11-Left_jpg.rf.5e1e55bdc8e6f0cf7c1c4ad72c3e4cbc.jpg,0,0,0,0,1,0
35-Back_jpg.rf.bad8879987af10ccace268c6529cbf3e.jpg,0,0,1,0,0,0
38-Right_jpg.rf.e4858524f24a733eca9b9cd96045247b.jpg,0,0,1,0,0,0
11-Top-Down_jpg.rf.c39c1a62725fec3685839ab3e21a934d.jpg,0,0,0,0,0,1
5-Top-Down_jpg.rf.66df32315273e0a936b1b6fbea73c425.jpg,0,0,0,0,0,1
6-Back_jpg.rf.456d4d3ca798f0146f7c17b5096acf03.jpg,0,0,0,0,0,1
23-Right_jpg.rf.b15a20dd370d944196604d4626911c1c.jpg,0,0,1,0,0,0
39-Front_jpg.rf.d68ff716509714fc22fd7c782ceefa2f.jpg,0,0,1,0,0,0
2-Front_jpg.rf.95af505d94d65f229e0ac9855214ba76.jpg,0,0,0,0,0,1
39-Left_jpg.rf.81454fa4eff48f84d6bc5c8f67f1ab40.jpg,0,0,1,0,0,0
6-Top-Down_jpg.rf.748f3b325f2e2d161457fcd8a3e29193.jpg,0,0,0,0,0,1
11-Right_jpg.rf.6a2785c371826bccf0bce9d84c104d20.jpg,0,0,0,0,0,1
38-Left_jpg.rf.81cb8fbe35531683e2a726f7eec7875e.jpg,0,0,1,0,0,0
6-Right_jpg.rf.c31fe78c14ac8b0059ce9576f6a7a2b0.jpg,0,0,0,0,0,1
39-Back_jpg.rf.c31110d81e27b5cb643df47300c95531.jpg,0,0,1,0,0,0
37-Top-Down_jpg.rf.7e19a752b13a95a556b65daa48110d6a.jpg,0,0,1,0,0,0
27-Back_jpg.rf.e8c2d059638063c9054d8acb018831d7.jpg,0,0,0,0,1,0
30-Right_jpg.rf.f85fa692f78e91ec962bce2a7d20f6f2.jpg,1,0,0,0,0,0
28-Top-Down_jpg.rf.43ecef5328bda9a41598e23f1f92ad7b.jpg,0,0,0,0,1,0
23-Front_jpg.rf.8f50423830c4cc1c2be2717797ceba0d.jpg,0,0,0,0,1,0
1-Right_jpg.rf.f423daeca16fb284c278dc9c1c4eb668.jpg,1,0,0,0,0,0
30-Top-Down_jpg.rf.99700917ba99cde73aeee02c4fdfda7c.jpg,0,0,0,0,1,0
21-Front_jpg.rf.5f3a4efa0495b4ac61f084f852048208.jpg,0,0,0,0,1,0
33-Back_jpg.rf.701ee7aa6ec056d8c19bee9d354c2272.jpg,1,0,0,0,0,0
33-Front_jpg.rf.b3b677726ee15b90168bd19e4c0ed541.jpg,1,0,0,0,0,0
4-Left_jpg.rf.0fbe90ea12d7be162de74d31063aa6f4.jpg,0,0,0,0,1,0
26-Right_jpg.rf.b10360dad74789f64d5e0675cd07bed7.jpg,0,0,0,0,1,0
33-Top-Down_jpg.rf.68bd037af78cca88f13dd300b0d43656.jpg,1,0,0,0,0,0
2-Left_jpg.rf.749cedc9965ab3787d1db4044d0d347a.jpg,1,0,0,0,0,0
9-Left_jpg.rf.d37eb6dd71b87cc5cdbbe27c7ea627f7.jpg,1,0,0,0,0,0
29-Back_jpg.rf.e2be9acc1b9fedc62fdddfb7c4e492b1.jpg,0,0,0,0,1,0
4-Front_jpg.rf.cc5c591333d36adacb21d5a2807fb086.jpg,0,0,0,0,1,0
27-Top-Down_jpg.rf.6038cc6e719a29695be65c357577214a.jpg,0,0,0,0,1,0
27-Right_jpg.rf.4cb81311658e5edf936e499751118cec.jpg,0,0,0,0,1,0
16-Back_jpg.rf.ed1c1d29bbef8533c5d2bb6c63d37bac.jpg,0,0,0,1,0,0
3-Front_jpg.rf.19f135fc264b1493554a3132f326aa1a.jpg,1,0,0,0,0,0
30-Front_jpg.rf.32d25a4a4f574394fb6390925b29d8b1.jpg,0,0,0,0,1,0
5-Right_jpg.rf.29c14695cc63eb802b6347aaee196cc7.jpg,0,0,0,0,1,0
4-Right_jpg.rf.4b384e856456d4e3014875814a43af97.jpg,0,0,0,0,1,0
29-Front_jpg.rf.e9e9c48748e27a37cad02f95a5a2dbad.jpg,0,0,0,0,1,0
5-Back_jpg.rf.d5d080c5e4c14585599fef5e142ff0d7.jpg,0,0,0,0,1,0
1-Right_jpg.rf.4194f7c15363358c56175380834f1475.jpg,0,0,0,1,0,0
11-Right_jpg.rf.7ed2865f2089421ef105689e28bc8eb5.jpg,0,0,0,1,0,0
5-Top-Down_jpg.rf.546103518ddf20b11dda1a43fc9d8340.jpg,0,0,0,0,1,0
30-Left_jpg.rf.d5c1abbad6c267b9ae1238ea7fd5769c.jpg,0,0,0,0,1,0
4-Top-Down_jpg.rf.dd6f88eb67920d863b47cff55e079fa9.jpg,0,0,0,0,1,0
5-Front_jpg.rf.e637ac047054970a63d3d12ffff54cba.jpg,0,0,0,0,1,0
22-Right_jpg.rf.6f068cee2b3b7727e01ae7ae43175e72.jpg,0,0,0,0,1,0
15-Right_jpg.rf.b147ab82b1bfc1b1d07ce6df57d3c22c.jpg,0,0,0,1,0,0
1-Back_jpg.rf.3191cb7a3dd3e7726d38bf36f524d3da.jpg,0,0,0,1,0,0
35-Back_jpg.rf.7c96d77eef7223f4ef4173fe86d2e390.jpg,1,0,0,0,0,0
9-Back_jpg.rf.504c28b171f05391ae10a1aef752417e.jpg,1,0,0,0,0,0
21-Left_jpg.rf.93c1dfe4a2fd4b9dd5a171ca9334e946.jpg,0,0,0,1,0,0
37-Front_jpg.rf.43af8563b2ec16a47935fe1a627e2542.jpg,1,0,0,0,0,0
16-Right_jpg.rf.e8e204459eccb2b84eb1cd60d5f96282.jpg,0,0,0,1,0,0
23-Front_jpg.rf.92aca0b1ead691b7fb5981f5c2f8191b.jpg,1,0,0,0,0,0
29-Left_jpg.rf.1034a7aeb47ba8e3f7db6f4a71f3cf40.jpg,0,0,0,0,1,0
29-Top-Down_jpg.rf.e70ce466a2dde646e0bc0bfebd64f90a.jpg,0,0,0,0,1,0
32-Back_jpg.rf.5697d2cec1f50b2d1f54cbe11ac87b02.jpg,1,0,0,0,0,0
30-Right_jpg.rf.ab9c48a5bfe1e927a67a55fb88233c5d.jpg,1,0,0,0,0,0
11-Left_jpg.rf.66e862f3195fc3ff6cc07c7f57bb8026.jpg,0,0,0,1,0,0
14-Back_jpg.rf.cfcee6b257fbe3fb66580cf7b9f8913c.jpg,0,0,0,1,0,0
20-Top-Down_jpg.rf.a67e4c130646bb3c061dde3b39c4a0f8.jpg,0,0,0,0,1,0
29-Right_jpg.rf.1a8b8637bd181ecf7ca0367638a22568.jpg,0,0,0,0,1,0
1-Front_jpg.rf.41fb28736056c15d3acae1ee0eb48149.jpg,1,0,0,0,0,0
14-Left_jpg.rf.0336d5213a8961aa94eb6c4562a0244d.jpg,0,0,0,1,0,0
23-Left_jpg.rf.e2743e3fe5baa6a1327e43b9deb19f38.jpg,1,0,0,0,0,0
31Front_jpg.rf.e6df2799f5f9542099dcc3b6435d4889.jpg,1,0,0,0,0,0
31-Top-Down_jpg.rf.893e19d498635d957145932a15d29b63.jpg,1,0,0,0,0,0
20-Front_jpg.rf.733bec2cefbb460ea903135531c5526d.jpg,0,0,0,1,0,0
16-Left_jpg.rf.714c075a9c7a7ee922ee7f7e22c532eb.jpg,0,0,0,1,0,0
32Top-Down_jpg.rf.095117f31a90796b3bac058ca1e99376.jpg,1,0,0,0,0,0
28-Right_jpg.rf.4338054d57758a8c2c7e75da335f8b3e.jpg,0,0,0,0,1,0
14-Right_jpg.rf.1c0145e2d87c4a2644a083e013cb9949.jpg,0,0,0,1,0,0
11-Top-Down_jpg.rf.71537a3f2ea6f2d5fc83b3de95926fbd.jpg,0,0,0,1,0,0
13-Front_jpg.rf.74d001f5a223b07c5f1a4a70d9b347b8.jpg,0,0,0,1,0,0
33-Right_jpg.rf.916062a3b0649b0b4e6531d1997215df.jpg,1,0,0,0,0,0
21-Back_jpg.rf.22804c2d086871b7a0616397979901e4.jpg,0,0,0,0,1,0
28-Left_jpg.rf.0880e717f3a3fc95d9af6625a50ba765.jpg,0,0,0,0,1,0
20-Left_jpg.rf.b0e2ba6e8ac0a24dceeeef1e756d4057.jpg,0,0,0,1,0,0
21-Front_jpg.rf.40f2e0e3bce78788d8377f2ea02fff45.jpg,0,0,0,1,0,0
31-Right_jpg.rf.a499ea59f0c6770267e5172dfc6fda3a.jpg,1,0,0,0,0,0
32Left_jpg.rf.e7ee91d56e4666769ff5296af12a3f9f.jpg,1,0,0,0,0,0
6-Right_jpg.rf.5404e7573f4079c659d99a616dbb4ec3.jpg,1,0,0,0,0,0
20-Back_jpg.rf.ae7afa38cfdf58a5be7c73eba2106b30.jpg,0,0,0,1,0,0
30-Top-Down_jpg.rf.18e96c33b38b9cbd0ff59a657911b5cb.jpg,1,0,0,0,0,0
27-Front_jpg.rf.978152330dd1f957d1a6c1d40bfa8183.jpg,1,0,0,0,0,0
35-Top-Down_jpg.rf.85e06d90ea52d1488d6a2d0f6bfd0a8b.jpg,1,0,0,0,0,0
2-Right_jpg.rf.2a4329654f5479a2bc53167c7bf6d4ca.jpg,0,0,0,1,0,0
27-Back_jpg.rf.30f3636d8f40cb5406bfc5a24ca11029.jpg,1,0,0,0,0,0
1-Left_jpg.rf.fce9f254ea452c901079334b21860477.jpg,0,0,0,1,0,0
3-Top-Down_jpg.rf.1cd5dc16699feca3392625ef792333fd.jpg,1,0,0,0,0,0
35-Left_jpg.rf.ee416e9b6a81f9d197dc034a316ac779.jpg,1,0,0,0,0,0
14-Front_jpg.rf.038cc9117e4669ef0957720a94fb7892.jpg,0,0,0,1,0,0
26-Left_jpg.rf.7f7fdc2fe44032f3ec29a12a1ee07042.jpg,0,0,0,0,1,0
11-Back_jpg.rf.690a036d37001495215e66deba8e8a20.jpg,0,0,0,1,0,0
30-Top-Down_jpg.rf.eb77296e90256f31ed1bcbfa73cda047.jpg,1,0,0,0,0,0
11-Front_jpg.rf.2bd20482ae1465832d3716ad61ad3c9f.jpg,0,0,0,1,0,0
24-Left_jpg.rf.918ba7608dff77642c3c71d5d59a2323.jpg,1,0,0,0,0,0
22-Back_jpg.rf.0978da402749df50ab52de9fffb569e4.jpg,1,0,0,0,0,0
13-Left_jpg.rf.0bd6f06c16b873df691a50b7bfdb0844.jpg,0,0,0,1,0,0
30-Front_jpg.rf.aa092133ab831b4aa4ee71473e387369.jpg,1,0,0,0,0,0
23-Front_jpg.rf.e5e1acc3f8399eb49ffbb85919ba159b.jpg,1,0,0,0,0,0
10-Left_jpg.rf.0373c92df6893682a6e09a136601cfc3.jpg,0,0,0,1,0,0
22-Left_jpg.rf.c65e15f8c946fcc6613b18facfc095f6.jpg,1,0,0,0,0,0
12-Top-Down_jpg.rf.9b5aed7513023736cb9ac1485e173e03.jpg,0,0,0,1,0,0
30-Top-Down_jpg.rf.9b878618631cd5729f8fc26064264e0f.jpg,1,0,0,0,0,0
31Front_jpg.rf.602d9881e1a42624765aff26ac1d401d.jpg,1,0,0,0,0,0
21-Back_jpg.rf.b5a5b9da68bb8a67a9d855211b598198.jpg,0,0,0,1,0,0
32Top-Down_jpg.rf.d8242034f3cb80f77827bd1876aa6ab4.jpg,1,0,0,0,0,0
2-Top-Down_jpg.rf.94949ac94f5fa4168a5a535851cfb625.jpg,0,0,0,1,0,0
22-Right_jpg.rf.4bd53aba53d5e9c19c9953949e338d6f.jpg,1,0,0,0,0,0
31Left_jpg.rf.d13f7bdf0f8244c1553b35e32d6291f6.jpg,1,0,0,0,0,0
13-Right_jpg.rf.5de80f9eaa430dd25e15522f76bb302a.jpg,0,0,0,1,0,0
30-Back_jpg.rf.2911af795cd93634ca6557907042b39d.jpg,1,0,0,0,0,0
12-Back_jpg.rf.0c3379ce8b1ed20e4bdeb3fc3ac616ae.jpg,0,0,0,1,0,0
32-Front_jpg.rf.b770897c46655ad983cd8d8b999de1a9.jpg,1,0,0,0,0,0
23-Right_jpg.rf.f70ab270d05ed79e1a89814a1cbfbeb3.jpg,1,0,0,0,0,0
23-Left_jpg.rf.8e97023e11eb9470fa673a39d699355f.jpg,1,0,0,0,0,0
35-Front_jpg.rf.9e77485b5e39c24c0ddf79bafd73fc27.jpg,1,0,0,0,0,0
31-Right_jpg.rf.2225baefaf25e656f1507484e0e55858.jpg,1,0,0,0,0,0
31Left_jpg.rf.40da6fb2f5274efdd62e51b29ccc9c43.jpg,1,0,0,0,0,0
6-Top-Down_jpg.rf.45e7fbb0d796473ebc9a219b16cd6dbe.jpg,1,0,0,0,0,0
22-Top-Down_jpg.rf.7b95a57ee81308a2fc0788b756c5106d.jpg,1,0,0,0,0,0
35-Right_jpg.rf.95bc2c1f814715679c93e5c74fa314d9.jpg,1,0,0,0,0,0
27-Left_jpg.rf.83f877146b411f81b8d422c891ac4784.jpg,1,0,0,0,0,0
18-Back_jpg.rf.efc656af72bece09cc73cfdee1570348.jpg,0,0,0,1,0,0
3-Front_jpg.rf.89426611f173398a2e2c948ee10e4e47.jpg,1,0,0,0,0,0
31-Top-Down_jpg.rf.f37fa5e4db1cb3f8efd418b1ffc5b76c.jpg,1,0,0,0,0,0
36-Back_jpg.rf.3d28e91310a2f956bd6c906ce010592b.jpg,1,0,0,0,0,0
3-Right_jpg.rf.8784a8b691381d703e8317ab95d67093.jpg,1,0,0,0,0,0
28-Right_jpg.rf.4146db9784a76f37dd7496c4bdf65013.jpg,1,0,0,0,0,0
28-Front_jpg.rf.dbde7128a9edfd62d9b73668feaa62f9.jpg,1,0,0,0,0,0
35-Top-Down_jpg.rf.838ac1ae42c9f0752048aa22ad7ad9ef.jpg,1,0,0,0,0,0
23-Top-Down_jpg.rf.6b370b6b8b82348ea1fb6fdea28aab4e.jpg,1,0,0,0,0,0
3-Back_jpg.rf.e197c0f872f212c62e9f470632c9f968.jpg,1,0,0,0,0,0
18-Front_jpg.rf.7875a17fd4a4e8cf2fad4edec0527ccf.jpg,0,0,0,1,0,0
30-Back_jpg.rf.8ab2202e8c1804a9db47877557a5507a.jpg,1,0,0,0,0,0
12-Right_jpg.rf.b2d3a0e8356c513c61f9a5be85c0c4fd.jpg,0,0,0,1,0,0
17-Top-Down_jpg.rf.5e09373a1d2afbc057f3e9522b5245d0.jpg,0,0,0,1,0,0
13-Back_jpg.rf.7414c0d1a8ec8b0ac1cf88301d79a986.jpg,0,0,0,1,0,0
35-Left_jpg.rf.de00f6a60614f520960a6353217d5b17.jpg,1,0,0,0,0,0
24-Front_jpg.rf.1dae1bf7e606eff7fc590c410ebb4b63.jpg,1,0,0,0,0,0
3-Front_jpg.rf.c6c5f612387f2c7c551a828bc97e14c2.jpg,1,0,0,0,0,0
18-Left_jpg.rf.91dfde53986c6c3fa114252e6ffe1456.jpg,0,0,0,1,0,0
27-Right_jpg.rf.f9a4d8024d32cb052b9328447811a592.jpg,1,0,0,0,0,0
33-Back_jpg.rf.d2f2d5c19a6ecd5bd806c5570f952eda.jpg,1,0,0,0,0,0
27-Right_jpg.rf.779980bcc49006ca22697689d42552c0.jpg,1,0,0,0,0,0
9-Back_jpg.rf.4fcba9620cfd9bf8bb5e022092ef2675.jpg,1,0,0,0,0,0
35-Right_jpg.rf.4b0950c3cbeb01be01bf83774ca937f1.jpg,1,0,0,0,0,0
37-Front_jpg.rf.a4a111847917cd3357b624c44a13c23b.jpg,1,0,0,0,0,0
27-Top-Down_jpg.rf.b9bd88ceaf96f40b0b9e3d71629d75f7.jpg,1,0,0,0,0,0
3-Right_jpg.rf.232b8e13276562742fd66a5467c64f8e.jpg,1,0,0,0,0,0
18-Top-Down_jpg.rf.fe012efee438274e6f51767f90a40805.jpg,0,0,0,1,0,0
2-Front_jpg.rf.cb528bb1e0c70bb61d2bac0d256deec5.jpg,0,0,0,1,0,0
12-Left_jpg.rf.0602114e4c7c14e27047235729139c08.jpg,0,0,0,1,0,0
28-Top-Down_jpg.rf.e2b680314271d338ae09007140320ca2.jpg,1,0,0,0,0,0
30-Right_jpg.rf.1d10de84384fe9d5879795ea9550230f.jpg,1,0,0,0,0,0
28-Back_jpg.rf.d3d76724eae80dd2ace13f9160eb5d89.jpg,1,0,0,0,0,0
18-Right_jpg.rf.91f35f61b8515ad17dd7e7ba33194825.jpg,0,0,0,1,0,0
33-Front_jpg.rf.cedf21379977657ea69060d36388577e.jpg,1,0,0,0,0,0
9-Left_jpg.rf.717fddb46e8e9397efe866cfcd962504.jpg,1,0,0,0,0,0
30-Front_jpg.rf.54fa64df287eaa845ebcf163d1139350.jpg,1,0,0,0,0,0
28-Top-Down_jpg.rf.1427aa2228c0ee0cdc74fa5f6531bf00.jpg,1,0,0,0,0,0
37-Right_jpg.rf.49796bd8098554893354538dbbf1bd24.jpg,1,0,0,0,0,0
37-Top-Down_jpg.rf.1c433961192f0dbc46e397b6b1a7f7c1.jpg,1,0,0,0,0,0
17-Back_jpg.rf.7a9131b17978a2d2dccca24c7bc122d3.jpg,0,0,0,1,0,0
3-Back_jpg.rf.f147d49e2e05581f8b96e2cd753aa64e.jpg,1,0,0,0,0,0
28-Right_jpg.rf.b6a39460fb68a18ab7330dbfcb4af6e0.jpg,1,0,0,0,0,0
36-Right_jpg.rf.f0c1f76cea81b534fbadb360d4508608.jpg,1,0,0,0,0,0
33-Top-Down_jpg.rf.a70faabe596992cb4df251fd3e127511.jpg,1,0,0,0,0,0
9-Right_jpg.rf.b58c17e604ceb9bc701dbcbcb83c5869.jpg,1,0,0,0,0,0
33-Right_jpg.rf.66d4bec538981d2d78d3dacccd771bf3.jpg,1,0,0,0,0,0
27-Left_jpg.rf.a62c9d5a3833b1286caa32f4b3e6ece9.jpg,1,0,0,0,0,0
27-Top-Down_jpg.rf.7d44b4ce79695c47e8624305eb021567.jpg,1,0,0,0,0,0
37-Back_jpg.rf.f5a2f03eb6c2cebc07a8da58ab8dd915.jpg,1,0,0,0,0,0
28-Right_jpg.rf.144aed25702bffc044208e781c8be391.jpg,0,0,0,0,1,0
35-Front_jpg.rf.f2142dcbbe943628f741bfcf99ff88b5.jpg,1,0,0,0,0,0
2-Back_jpg.rf.e1526e576f26462605f84c215ca7f571.jpg,0,0,0,1,0,0
6-Back_jpg.rf.8c77e81e2421c0caf69811ade1a4e609.jpg,1,0,0,0,0,0
3-Top-Down_jpg.rf.9fc7e269da9cf5bb78a676218149b3ae.jpg,1,0,0,0,0,0
28-Front_jpg.rf.0ddfb4e461b5269ef8cdbca05bb57637.jpg,1,0,0,0,0,0
11-Front_jpg.rf.6f347ea9ba9b0e38ba2962e676060df3.jpg,0,0,0,1,0,0
6-Top-Down_jpg.rf.acfd5bdb376291ea57e21ddbe8c7b76d.jpg,1,0,0,0,0,0
35-Back_jpg.rf.d3b4ce6882a7afcdc02b9cfb9a17e67a.jpg,1,0,0,0,0,0
6-Back_jpg.rf.14c753f1e927d0e03557193a87a42c78.jpg,1,0,0,0,0,0
36-Left_jpg.rf.ee9faa40a0a655bd3256af3631e0173a.jpg,1,0,0,0,0,0
37-Top-Down_jpg.rf.5809e93d78fb1185d6c8d9b47cf3977e.jpg,1,0,0,0,0,0
1-Right_jpg.rf.ef784576c76d0ae5c112f9774e2d845b.jpg,0,0,0,1,0,0
29-Left_jpg.rf.5b6dae02e15771d5173e049889a22674.jpg,0,0,0,0,1,0
36-Front_jpg.rf.7619d610373c5064796ca041a3958cb9.jpg,1,0,0,0,0,0
11-Left_jpg.rf.285e812e89ac0ad9601be1d013b38c1d.jpg,0,0,0,1,0,0
37-Front_jpg.rf.55c6ded28caf90349fc285ad66db1efb.jpg,1,0,0,0,0,0
9-Right_jpg.rf.71f7dc8f3d045c03af6da4363116df26.jpg,1,0,0,0,0,0
28-Back_jpg.rf.bb7dc2995fd5d8cda5b8b0dbfde6002b.jpg,1,0,0,0,0,0
6-Right_jpg.rf.c375bd0de55355f4da9de299da6abaee.jpg,1,0,0,0,0,0
36-Front_jpg.rf.4c43d1070b96d2da429f887055eebc73.jpg,1,0,0,0,0,0
10-Left_jpg.rf.45bd6552c6c6a7fb8348272a9a423849.jpg,0,0,0,1,0,0
36-Back_jpg.rf.c063bf78865456b151dbd1e171c68b5d.jpg,1,0,0,0,0,0
35-Top-Down_jpg.rf.095dd502d977cfb511e2b6dbb27e08a1.jpg,1,0,0,0,0,0
36-Left_jpg.rf.cda17b3ad462448b819e01d4a20646e7.jpg,1,0,0,0,0,0
35-Left_jpg.rf.b9b062444c24205087bcd5eb02f5e5e2.jpg,1,0,0,0,0,0
32Top-Down_jpg.rf.1bce5f6a4c1777190a0eec83e713f5b1.jpg,1,0,0,0,0,0
11-Back_jpg.rf.85dbfc9da39142532f3d561cdeef52ca.jpg,0,0,0,1,0,0
36-Right_jpg.rf.a17e954d701344158b2a91efb3cf917c.jpg,1,0,0,0,0,0
22-Back_jpg.rf.5915e06eb2eeada825895416a3734831.jpg,0,0,0,0,1,0
27-Top-Down_jpg.rf.26f4a3e99497f4ef9861260a0cf4f80f.jpg,0,0,0,0,1,0
37-Right_jpg.rf.5c6f52d084afcde5bb40e81517e07870.jpg,1,0,0,0,0,0
35-Right_jpg.rf.74c4074a87058335eac14da6579c16d2.jpg,1,0,0,0,0,0
9-Back_jpg.rf.448704de074ebffc76b7e489f27461de.jpg,1,0,0,0,0,0
28-Front_jpg.rf.2a893e6e553f93e187e42138b4cccab0.jpg,0,0,0,0,1,0
12-Right_jpg.rf.5b5d90b0d0c12bed1c8d13b7354b6744.jpg,0,0,0,1,0,0
22-Right_jpg.rf.1f574e160431871345822aadbc33ecd7.jpg,0,0,0,0,1,0
12-Top-Down_jpg.rf.1b471a81b1e60c68d39285705b8c0c45.jpg,0,0,0,1,0,0
30-Front_jpg.rf.3c19a789bb2a29eb2d3c11c13da9dde1.jpg,0,0,0,0,1,0
1-Left_jpg.rf.da4259f19f7607af1d4ff398d853081f.jpg,0,0,0,1,0,0
26-Left_jpg.rf.103ba2ec0b6506336e19fecb7d967d8d.jpg,0,0,0,0,1,0
33-Back_jpg.rf.bb2aed5dacff8592c88494e163a6f61b.jpg,1,0,0,0,0,0
27-Front_jpg.rf.2b05f7606e68f97eb58f7a9193eac5bb.jpg,0,0,0,0,1,0
26-Right_jpg.rf.c94a8252a3943d87c9459681b89136ce.jpg,0,0,0,0,1,0
37-Back_jpg.rf.a93047831cda49540c431836086297d8.jpg,1,0,0,0,0,0
28-Left_jpg.rf.3ef668b5b328cce5cf142057a107f6fd.jpg,0,0,0,0,1,0
35-Front_jpg.rf.dbedb70e6feb4776869a45e3ee8d5d00.jpg,1,0,0,0,0,0
9-Left_jpg.rf.31f6d4b584eaee02f037e80c22c251bc.jpg,1,0,0,0,0,0
29-Back_jpg.rf.62e627d1b326cbcb170303d379d1ca32.jpg,0,0,0,0,1,0
4-Right_jpg.rf.533e7d800c9748ecaead70bb973fb1d4.jpg,0,0,0,0,1,0
27-Back_jpg.rf.7f24da46ec6d0242aecc13754f7d20d5.jpg,0,0,0,0,1,0
32-Back_jpg.rf.a6d43baed1f5fd7138a4f3b6fa061439.jpg,1,0,0,0,0,0
29-Front_jpg.rf.ff3a56ea2771fd30593f91bba108182a.jpg,0,0,0,0,1,0
29-Right_jpg.rf.fce0266b6b1605fde8e1e76905e3147d.jpg,0,0,0,0,1,0
14-Back_jpg.rf.24592cac25dd0adf773cb924676f485c.jpg,0,0,0,1,0,0
28-Top-Down_jpg.rf.2833de2359660293ee4c84f85b7289a9.jpg,0,0,0,0,1,0
5-Back_jpg.rf.4dc5ce9e1b0196b001ada5be1ad64f29.jpg,0,0,0,0,1,0
33-Front_jpg.rf.ca9434ad3eefd98ee7ba33147affa522.jpg,1,0,0,0,0,0
11-Right_jpg.rf.c6f8fd506ac172159274cb8f814b37f7.jpg,0,0,0,1,0,0
12-Left_jpg.rf.67d7057984a16b492ffc7b75a275d0c7.jpg,0,0,0,1,0,0
9-Top-Down_jpg.rf.4906c2bd1551c1db7d732ab250a4c091.jpg,1,0,0,0,0,0
33-Top-Down_jpg.rf.261525d8457bb6cf4a889b80b42af9f2.jpg,1,0,0,0,0,0
32-Front_jpg.rf.0c06f88e2362cc0972ce5710a12dd3bf.jpg,1,0,0,0,0,0
26-Back_jpg.rf.ab1878d6d4bd72af81c9f6af4ef47223.jpg,0,0,0,0,1,0
14-Front_jpg.rf.2f60f82b649870d8f489ebc4f716f54e.jpg,0,0,0,1,0,0
25-Top-Down_jpg.rf.471367427c12b46ec1835d5fdda75800.jpg,0,0,0,0,1,0
14-Left_jpg.rf.cf8851a654d27a10ebe7082fa0dc61f1.jpg,0,0,0,1,0,0
27-Right_jpg.rf.b1e9150243996fa87666f8bb5512be7f.jpg,0,0,0,0,1,0
23-Left_jpg.rf.a0ccc5546a6fd6cd91ce7ccf0828c8fe.jpg,0,0,0,1,0,0
33-Right_jpg.rf.20a090ee6100f8ce0c46061a0c055b20.jpg,1,0,0,0,0,0
20-Back_jpg.rf.cec1f75247b9f5818ad7dc88d52811dc.jpg,0,0,0,1,0,0
16-Left_jpg.rf.2cd63b265be7e17cee36cf723b0e910e.jpg,0,0,0,1,0,0
22-Top-Down_jpg.rf.2e74605921e3736b82838a83422dfbf7.jpg,0,0,0,0,1,0
27-Left_jpg.rf.65efb59299781ba4f1fee1fe98b9c504.jpg,0,0,0,0,1,0
35-Back_jpg.rf.4dc9aecde6ec03ed964d3bdd41660244.jpg,1,0,0,0,0,0
20-Front_jpg.rf.b6235e7c2a7ec6333d00b187042a0f88.jpg,0,0,0,1,0,0
11-Top-Down_jpg.rf.05c4e4fba24dc8e6f0b93b003603daa7.jpg,0,0,0,1,0,0
30-Left_jpg.rf.7bf1604f5338d6bd894158caa510a5ca.jpg,0,0,0,0,1,0
9-Top-Down_jpg.rf.725a7305172658d1f6f8763505b1c911.jpg,1,0,0,0,0,0
29-Top-Down_jpg.rf.245d4aad6e6e423fa719bbc713023fcd.jpg,0,0,0,0,1,0
32Left_jpg.rf.5b807c414c4c6c0dff45b3e40c31af08.jpg,1,0,0,0,0,0
15-Right_jpg.rf.c9cb1692c14f2d6b9d7ee383236b297d.jpg,0,0,0,1,0,0
16-Back_jpg.rf.e413279ada8151921f90e8b13adbdad7.jpg,0,0,0,1,0,0
21-Back_jpg.rf.aef3d259f6fba39c05d759168eccc179.jpg,0,0,0,1,0,0
4-Top-Down_jpg.rf.6b5c4ff94cca4f8db98b256e0fb2b421.jpg,0,0,0,0,1,0
25-Front_jpg.rf.8ae84e1d833cb29aade23fb2ef38e346.jpg,0,0,0,0,1,0
20-Left_jpg.rf.56d626edaea5d4c18253d34f07fe0d9e.jpg,0,0,0,1,0,0
30-Top-Down_jpg.rf.32551ca278ec209874cc32e4ec3178d1.jpg,0,0,0,0,1,0
2-Top-Down_jpg.rf.16aab971ceb3ced2f41bd52520f8ea91.jpg,0,0,0,1,0,0
14-Right_jpg.rf.f288a34523180fc8b90ac38fe5f02f4b.jpg,0,0,0,1,0,0
30-Right_jpg.rf.7a878dc364513c34f487362aa1dd1546.jpg,0,0,1,0,0,0
31-Right_jpg.rf.2ae1ec0836194ee29f33c2908a397127.jpg,0,0,1,0,0,0
23-Top-Down_jpg.rf.25f252032215eb32665546002f27b8f3.jpg,0,0,1,0,0,0
30-Top-Down_jpg.rf.a8aa575d6791fa09b24a40adea25f5ae.jpg,0,0,1,0,0,0
2-Right_jpg.rf.89ae52128a3678ec09502e13a0c61af4.jpg,0,1,0,0,0,0
2-Top-Down_jpg.rf.252bf58f92862d546afccd5acc48af88.jpg,0,1,0,0,0,0
8-Left_jpg.rf.6d65107d28014cc1a273fd8861a41b34.jpg,0,0,0,0,0,1
31-Top-Down_jpg.rf.7183b004eaabe74deb611ba82cd3bf02.jpg,0,0,1,0,0,0
23-Back_jpg.rf.341df7db1b5e3c1ce3320e5d39baa614.jpg,0,1,0,0,0,0
31-Left_jpg.rf.935f5ce44e05e277f1e9f84ee9a668f5.jpg,0,0,1,0,0,0
24-Front_jpg.rf.269cf8043ab208c04dbf523ca160e261.jpg,0,1,0,0,0,0
24-Right_jpg.rf.909fb00930f22bc96ca4605f93fc81af.jpg,0,1,0,0,0,0
12-Top-Down_jpg.rf.59265873596e8ab9ccb08922863f1fab.jpg,0,1,0,0,0,0
21-Front_jpg.rf.b28ce716ebe47dbf9bc0698411ab2a6a.jpg,0,0,1,0,0,0
21-Top-Down_jpg.rf.d4133c5f69cad72b8d93fd418d6046cd.jpg,0,0,1,0,0,0
8-Right_jpg.rf.69edd063872bdf43244be21cc4f63f25.jpg,0,0,0,0,0,1
3-Right_jpg.rf.ff6527477eb2a97790b656f4b5788542.jpg,0,0,1,0,0,0
8-Top-Down_jpg.rf.519c490662af8724ee457adce0045c61.jpg,0,0,0,0,0,1
34-Left_jpg.rf.801c545bb9a49760cda80f7c544af7b7.jpg,0,0,1,0,0,0
17-Right_jpg.rf.6e2b68475f59e9c21acbbce1c45c2ecf.jpg,0,1,0,0,0,0
38-Top-Down_jpg.rf.a02ecfccf15f39049867253e643e7fae.jpg,0,0,1,0,0,0
34-Left_jpg.rf.591a44b2b221a05c4320c47b355a4b4a.jpg,0,0,1,0,0,0
34-Right_jpg.rf.698853b7077f1c651f5e110713411c36.jpg,0,0,1,0,0,0
12-Left_jpg.rf.3c37dcd3e931c2ece6fbde82aca4a146.jpg,0,1,0,0,0,0
24-Right_jpg.rf.e8ae57a11d4e1b30f6c3fb21de63ac1b.jpg,0,0,1,0,0,0
30-Top-Down_jpg.rf.c24013f4ad09ba3f1203c7dc77d3c645.jpg,0,0,1,0,0,0
35-Front_jpg.rf.2e46aa700181a2e67a7b3d86c0647635.jpg,0,0,1,0,0,0
21-Back_jpg.rf.384f15a0fca78372d1d36effbd593823.jpg,0,0,1,0,0,0
17-Top-Down_jpg.rf.ef4bc120f03841145eedc3d650d4eeef.jpg,0,1,0,0,0,0
23-Back_jpg.rf.91be47b9075d25d3a7992bfae4784393.jpg,0,0,1,0,0,0
17-Left_jpg.rf.ad5b0041a251b7603d35b514e9d13a28.jpg,0,1,0,0,0,0
24-Left_jpg.rf.106a820d7188ba9e1e2a607cf5929b14.jpg,0,0,1,0,0,0
24-Left_jpg.rf.16d6d8a3ac77f9d21c6e1bbe79837743.jpg,0,1,0,0,0,0
35-Back_jpg.rf.7378d4484e761de1cf05b7bb9fd88e99.jpg,0,0,1,0,0,0
24-Front_jpg.rf.3c71ee19e35debd6c0ae5517f5e15135.jpg,0,0,1,0,0,0
12-Back_jpg.rf.50ca0cdbac82fd992fe7a13343a67a2f.jpg,0,0,0,0,0,1
12-Right_jpg.rf.864c58ec7e89b879f56a4b7b347edcd9.jpg,0,1,0,0,0,0
35-Front_jpg.rf.32d3dca07385e571e7b080ea2ba77ddb.jpg,0,0,1,0,0,0
34-Front_jpg.rf.1002cf4003f8bf21b90f1535984bccc4.jpg,0,0,1,0,0,0
2-Back_jpg.rf.08fcd172024892d39a01f132ab2bb0cc.jpg,0,1,0,0,0,0
18-Front_jpg.rf.3b430891fd1e8b2d2a00ba88f475b218.jpg,0,0,1,0,0,0
34-Back_jpg.rf.f9960a0051ae958e20be837798af55ec.jpg,0,0,1,0,0,0
20-Back_jpg.rf.1a8ce21874ded07a865bfb5367435764.jpg,0,0,1,0,0,0
35-Back_jpg.rf.dd391cd75a3ae4948e2887c37713194d.jpg,0,0,1,0,0,0
35-Left_jpg.rf.429a21fb8199639121d05ae8489491ca.jpg,0,0,1,0,0,0
34-Right_jpg.rf.6e4994c2f0bd51306389ecdf5f754be0.jpg,0,0,1,0,0,0
16-Back_jpg.rf.9fee91a326fd5423332480cc9bf3a31a.jpg,0,0,1,0,0,0
6-Left_jpg.rf.e1edc2bd203157fb880b164197045c7a.jpg,0,0,0,0,0,1
18-Left_jpg.rf.3b2d3ff346ce4105b2e8a1e5df6d712d.jpg,0,0,1,0,0,0
20-Front_jpg.rf.4e6670777c36fbae4ea4db600235c90b.jpg,0,0,1,0,0,0
18-Top-Down_jpg.rf.cfafb99f0f2957870a11519d10754801.jpg,0,0,1,0,0,0
31-Left_jpg.rf.55d887f7ba8d4c599069db4dd9f760dc.jpg,0,0,1,0,0,0
1-Back_jpg.rf.88804b60ef3a311e366a1d8803218909.jpg,0,0,0,0,0,1
31-Back_jpg.rf.f83daa193acf74a9aa00291594860964.jpg,0,0,1,0,0,0
7-Left_jpg.rf.0f13f1ec4aa713f45f408619447f5560.jpg,0,0,0,0,0,1
7-Front_jpg.rf.3e0fdfa4f579deef69f083c52c6c884b.jpg,0,0,0,0,0,1
31-Right_jpg.rf.dd0a5c4e010fa094e775a871d9db4831.jpg,0,0,1,0,0,0
7-Top-Down_jpg.rf.63136b8ef02ffcb6665003cadd774627.jpg,0,0,0,0,0,1
21-Left_jpg.rf.6bdcb7c1c1f665883c16fb4496fa7b15.jpg,0,0,1,0,0,0
8-Back_jpg.rf.5ca65e65c772764924f635ba157b6806.jpg,0,0,0,0,0,1
35-Left_jpg.rf.96a3efb84b16ae12ec178a27472d3a3e.jpg,0,0,1,0,0,0
1-Front_jpg.rf.4333ae1bce180c2dc002ec4b899cff34.jpg,0,0,0,0,0,1
30-Left_jpg.rf.593f9102f688400c29677f0de9fe8921.jpg,0,0,1,0,0,0
7-Back_jpg.rf.1466ed725924f9a426dec5c760894408.jpg,0,0,0,0,0,1
15-Top-Down_jpg.rf.caa5a91297c4437faaff1f2e279737fc.jpg,0,0,1,0,0,0
35-Front_jpg.rf.c029574efad94ab3dba701c5605a1d01.jpg,0,0,1,0,0,0
23-Top-Down_jpg.rf.1b4b7f084bc3a1873019234e421eb19e.jpg,0,1,0,0,0,0
8-Front_jpg.rf.de963adea6bccef6be6875629b08e121.jpg,0,0,0,0,0,1
31-Back_jpg.rf.f2db85f026e91ba6b9a44c89fd5e17e5.jpg,0,0,1,0,0,0
34-Front_jpg.rf.f2171936981a6e2351fc02f9c86cd647.jpg,0,0,1,0,0,0
20-Left_jpg.rf.41e5b8dee2f3efc402597657321b1c4c.jpg,0,0,1,0,0,0
31-Top-Down_jpg.rf.dfcb25953a504d64b657805695f56078.jpg,0,0,1,0,0,0
23-Right_jpg.rf.926e0f392c17e5fbef27edb405789865.jpg,0,1,0,0,0,0
24-Top-Down_jpg.rf.a02f54ca65da29b76f7c1f8f51857034.jpg,0,0,1,0,0,0
16-Right_jpg.rf.e726de03dc68919887e1c3d29c56407b.jpg,0,0,1,0,0,0
17-Top-Down_jpg.rf.7974585c2a01e317f792d9bc0dacbfc7.jpg,0,1,0,0,0,0
35-Right_jpg.rf.299cde65b4fe9282f714acc245e54087.jpg,0,0,1,0,0,0
35-Top-Down_jpg.rf.5822b36f689ca8c35868e8fec343e47c.jpg,0,0,1,0,0,0
36-Left_jpg.rf.dc151b4b78f6a458825b937fad92c433.jpg,0,0,1,0,0,0
34-Back_jpg.rf.f9b989c9d923c4415c09d1dbac9ffdc6.jpg,0,0,1,0,0,0
27-Left_jpg.rf.fecabf3091447e2d87ebf209d6c19f5a.jpg,0,0,1,0,0,0
16-Left_jpg.rf.2c2def700972fc96761b0ad9275545a5.jpg,0,0,1,0,0,0
20-Top-Down_jpg.rf.942bb85f98b4362c0dfef3b9cb67c6f8.jpg,0,0,1,0,0,0
27-Front_jpg.rf.76ae9a1b9d056d6f45946ed07dfc4284.jpg,0,0,1,0,0,0
35-Right_jpg.rf.d6a941ed8ae8d1e880b90a2b95871187.jpg,0,0,1,0,0,0
36-Front_jpg.rf.db6a87ad28b164c3ddd6df531d6a1fed.jpg,0,0,1,0,0,0
38-Left_jpg.rf.f79e1ef81ed4047985b1cf0f95af0aff.jpg,0,0,1,0,0,0
36-Right_jpg.rf.7d23da987e7fc44a6ea7bd6bfa198c83.jpg,0,0,1,0,0,0
16-Front_jpg.rf.604cac234478b1951396169948b61bd3.jpg,0,0,1,0,0,0
36-Top-Down_jpg.rf.27ecacf0048a15c85269fbed91ee667c.jpg,0,0,1,0,0,0
27-Back_jpg.rf.2f15f8c4f8afb755fd5f2d45f731edfe.jpg,0,0,1,0,0,0
37-Back_jpg.rf.24b8c2264768131588127aeeda86bc53.jpg,0,0,1,0,0,0
23-Front_jpg.rf.ffa2e55b779ca7eaf8d49fb2ef4e47f5.jpg,0,0,1,0,0,0
37-Top-Down_jpg.rf.986153d8bea1c35ff04dd85fb7c4a12a.jpg,0,0,1,0,0,0
29-Front_jpg.rf.61f6aa46267a233b2c951cdfbc7a486f.jpg,0,1,0,0,0,0
38-Back_jpg.rf.67ff6688769de933ee74a2ec5374b0b9.jpg,0,0,1,0,0,0
29-Left_jpg.rf.f2a1b266b91169208231879d952854b8.jpg,0,1,0,0,0,0
39-Back_jpg.rf.d0877c08e602b33bc41fd096dc52dbef.jpg,0,0,1,0,0,0
39-Front_jpg.rf.19dbdea3718283373266168224de0109.jpg,0,0,1,0,0,0
37-Left_jpg.rf.9276cecf58801f94c3eeb8a1e2af0a6a.jpg,0,0,1,0,0,0
37-Right_jpg.rf.32a9fdd0b0fdd02c1d4d602b6bcabcf4.jpg,0,0,1,0,0,0
23-Top-Down_jpg.rf.fd0b1cb921ad4192f028dc6dbcea0df7.jpg,0,1,0,0,0,0
14-Left_jpg.rf.00aa4149e4fb8663608781bbca8fe2b4.jpg,0,1,0,0,0,0
27-Top-Down_jpg.rf.223969c5abca689761582ddf3660e494.jpg,0,0,1,0,0,0
38-Top-Down_jpg.rf.3fd3cf0cc0b8cdaf1028116fabd29a6c.jpg,0,0,1,0,0,0
17-Left_jpg.rf.061e9d487f01bbea4eb9b39b6b9852a5.jpg,0,1,0,0,0,0
27-Right_jpg.rf.a2e7c94e2b6e219f71dfe0149a912b42.jpg,0,0,1,0,0,0
29-Top-Down_jpg.rf.25c8a5ef04ce1e3fb79c5712f90c08bb.jpg,0,0,1,0,0,0
29-Top-Down_jpg.rf.b20f1a1c3fccdd9c1364a600e50c241e.jpg,0,1,0,0,0,0
29-Left_jpg.rf.c97c8dae66e1ea8cf990d949e72889e2.jpg,0,1,0,0,0,0
17-Right_jpg.rf.e16395340e4627308c5f77071f95ec1a.jpg,0,1,0,0,0,0
29-Back_jpg.rf.4dedfa56fd3dc849ce6fa12acced7e99.jpg,0,0,1,0,0,0
7-Front_jpg.rf.f143e9524ebf2bf7f9a3990473310efe.jpg,0,0,1,0,0,0
14-Back_jpg.rf.50166ae30b62e38d4fdee7bc8ffdea8b.jpg,0,1,0,0,0,0
24-Left_jpg.rf.dbd31072a97bdd50c31da2e1da56ff3b.jpg,0,1,0,0,0,0
7-Left_jpg.rf.4a0b6654f11a099ca68f10ea4179298e.jpg,0,0,1,0,0,0
1-Left_jpg.rf.54fa75fbc00262cf537c57f10c619e6b.jpg,0,1,0,0,0,0
23-Right_jpg.rf.852271306c6098f7c6884d5e46938fa6.jpg,0,1,0,0,0,0
7-Back_jpg.rf.95476ab6881ebfeb25ca6f1f65729e36.jpg,0,0,1,0,0,0
24-Right_jpg.rf.87e3c7e3a82b6bd6ab2469bab71faa0e.jpg,0,1,0,0,0,0
3-Left_jpg.rf.4e9b993a2c068855fc2a6bea02f5ae64.jpg,0,0,1,0,0,0
31-Front_jpg.rf.b2a3487190907e9c5800747bbcda684b.jpg,0,1,0,0,0,0
12-Right_jpg.rf.c83e93c8140e3f62e3d8d1bfd864c67f.jpg,0,1,0,0,0,0
7-Top-Down_jpg.rf.f1d709feac4057c6d9c6d506f97e8023.jpg,0,0,1,0,0,0
39-Right_jpg.rf.6d769e0fdbb238ea7153125b219fe21e.jpg,0,0,1,0,0,0
29-Right_jpg.rf.e6023d6c703e0c36e236a15a25c10b58.jpg,0,1,0,0,0,0
30-Right_jpg.rf.4760114e5763c6ab9811ef3ab3d1cede.jpg,0,0,1,0,0,0
29-Front_jpg.rf.8f587873803669c83fe06166ead53b08.jpg,0,1,0,0,0,0
38-Right_jpg.rf.43d485026aa5355372d78a4aa7e0805b.jpg,0,0,1,0,0,0
24-Front_jpg.rf.7784ccfeeae43eeb2887bfc468dbaa1f.jpg,0,1,0,0,0,0
1-Right_jpg.rf.bbfa66a28f54b2cabbd9c18b78a3a6b8.jpg,0,1,0,0,0,0
1-Right_jpg.rf.aa8a03337fc9042fc82cdac3dcdda194.jpg,0,0,0,0,0,1
30-Left_jpg.rf.1e0cd775e6b7183da6bf4746f76cd48c.jpg,0,0,1,0,0,0
17-Top-Down_jpg.rf.70e225b5a243a826db0bf296a6940e0a.jpg,0,1,0,0,0,0
31-Back_jpg.rf.f3effe289b5a4ab3e5fa871f94a82e14.jpg,0,1,0,0,0,0
14-Right_jpg.rf.4e489136caf88b9371b71c529e0cc7fb.jpg,0,1,0,0,0,0
23-Back_jpg.rf.0cdcdcaaea0518aef0eb2fbe242cc310.jpg,0,1,0,0,0,0
12-Back_jpg.rf.8b61d2962c5a253cc6cd608284274fec.jpg,0,1,0,0,0,0
29-Top-Down_jpg.rf.054b4bdbe877519f1cfcff01a069be07.jpg,0,1,0,0,0,0
29-Right_jpg.rf.a6cf1cd498ea71cd60608c566d4c9e0e.jpg,0,1,0,0,0,0
2-Right_jpg.rf.1335db155bffb6b36800cecf17ff5146.jpg,0,1,0,0,0,0
2-Top-Down_jpg.rf.a196cec89db1fb08140ba7822e64f272.jpg,0,1,0,0,0,0
37-Back_jpg.rf.35eb1f392653e4b8809a7a5402548eb0.jpg,0,1,0,0,0,0
3-Right_jpg.rf.022f39eebf57e14f0d2249bc63232669.jpg,0,0,1,0,0,0
2-Back_jpg.rf.ff5c9503f6b5f259a6c3c0ca256f5e65.jpg,0,1,0,0,0,0
48-Front_jpg.rf.c0d1e47592d59ef72745de85137b0643.jpg,0,1,0,0,0,0
37-Right_jpg.rf.511cce71036eb15be314f6fe9a3690c3.jpg,0,1,0,0,0,0
40-Right_jpg.rf.dec1ac1f23983d1a29b70555a4a94685.jpg,0,1,0,0,0,0
37-Front_jpg.rf.1978b03ce5afbc1541827212882e1ace.jpg,0,1,0,0,0,0
39-Left_jpg.rf.83eab203e12a445dc8d53c29315d01a2.jpg,0,0,1,0,0,0
37-Top-Down_jpg.rf.a9ea8d036e6098c1cec9fef107910181.jpg,0,1,0,0,0,0
12-Top-Down_jpg.rf.ac0a2c14d679e962f749515b43183b5e.jpg,0,1,0,0,0,0
51-Back_jpg.rf.a466ed07168f0b7e2b19a91fc96326b1.jpg,0,1,0,0,0,0
14-Back_jpg.rf.a8aff46bc5555002adff1750af57be24.jpg,0,1,0,0,0,0
39-Top-Down_jpg.rf.6b72299203a0ca104cbccb71c3322a24.jpg,0,0,1,0,0,0
1-Left_jpg.rf.a6c4a3d6184c3f737ce6d8d3ad41858f.jpg,0,0,0,0,0,1
48-Left_jpg.rf.c843f9949fb90685f528a905a7da07da.jpg,0,1,0,0,0,0
31-Front_jpg.rf.630808a728c59b932ee26fa3469eea27.jpg,0,1,0,0,0,0
50-Front_jpg.rf.51cb5ae23922825c3ce71a71d2af5c5f.jpg,0,1,0,0,0,0
50-Top-Down_jpg.rf.4f25e81a01a63443a5114f3b7da1c340.jpg,0,1,0,0,0,0
51-Right_jpg.rf.47b85ede18cdc8e3f9fcbe14fac45667.jpg,0,1,0,0,0,0
6-Left_jpg.rf.1f65180530b578750d58b8bc5d460946.jpg,0,1,0,0,0,0
31-Top-Down_jpg.rf.c2b280a221e5149151b11e1f361052ee.jpg,0,1,0,0,0,0
14-Left_jpg.rf.f23dffb63c896b32bcb1636f34d13d93.jpg,0,1,0,0,0,0
31-Back_jpg.rf.3ca7d6d92f5b9fd4dacac51adeabccad.jpg,0,1,0,0,0,0
48-Top-Down_jpg.rf.357137304fb2430482b94feed94b655c.jpg,0,1,0,0,0,0
51-Top-Down_jpg.rf.cca6e60b7d4c3e7795c88a6a1ddd5e08.jpg,0,1,0,0,0,0
33-Back_jpg.rf.7b4a92db22195d05d87d0b7f6c8482da.jpg,0,1,0,0,0,0
50-Right_jpg.rf.36c01deeed150bc78dde6add9a3764f0.jpg,0,1,0,0,0,0
31-Right_jpg.rf.36f49df7e7149487feaec8717012139f.jpg,0,1,0,0,0,0
17-Right_jpg.rf.14dae2f2778c7a4659c31d795ffd4f66.jpg,0,1,0,0,0,0
51-Left_jpg.rf.c0cb15d5fd07c2060bc7f0624c5910db.jpg,0,1,0,0,0,0
14-Right_jpg.rf.6690fc1ce5a691dd74cd67e84e3d274e.jpg,0,1,0,0,0,0
11-Back_jpg.rf.45c6175bbb1a4bcc41bf9304039ad8d1.jpg,0,0,0,0,0,1
50-Left_jpg.rf.2dce07c21ba0dba4782d942f13c43997.jpg,0,1,0,0,0,0
12-Top-Down_jpg.rf.ca6cb312258004b256e9d122a79e8144.jpg,0,0,0,0,0,1
17-Left_jpg.rf.86ef535811c3b3c1e19277013185698a.jpg,0,1,0,0,0,0
48-Right_jpg.rf.ef92aac5a2ea555f2f28e78aa47ba06c.jpg,0,1,0,0,0,0
11-Right_jpg.rf.995587e851f3e7bb8ec6a70bb99eca2e.jpg,0,0,0,0,0,1
24-Front_jpg.rf.10814d8be2ae2773020deab92fc09b71.jpg,0,1,0,0,0,0
2-Back_jpg.rf.60e1860059364a10cafa3e3c65f8a1fd.jpg,0,1,0,0,0,0
10-Right_jpg.rf.ac3ba55e91f43ffaec6c4856f4884f97.jpg,0,0,0,0,0,1
38-Right_jpg.rf.71de56e2c88dacf7b380f17578ab3787.jpg,0,1,0,0,0,0
6-Front_jpg.rf.02390ebf55081cb02efa841499ccd05a.jpg,0,1,0,0,0,0
23-Right_jpg.rf.6e13e7a0f0bd2899b9c7f2a8d9817aff.jpg,0,0,1,0,0,0
24-Left_jpg.rf.fec41cde63450916c1c792e0c73acd83.jpg,0,1,0,0,0,0
4-Top-Down_jpg.rf.24d74f73aaf4c08c6dc175a92cce63f8.jpg,0,1,0,0,0,0
2-Right_jpg.rf.aa46647fd43de1c9c697eb19c63c77aa.jpg,0,1,0,0,0,0
23-Right_jpg.rf.0c730bd2da97bbb9d65d5fd567490174.jpg,0,1,0,0,0,0
23-Top-Down_jpg.rf.d6616feee31acf0fc94e96ed723fa698.jpg,0,1,0,0,0,0
1-Top-Down_jpg.rf.046a9294a55d2643125dd73ead552921.jpg,0,0,0,0,0,1
2-Top-Down_jpg.rf.9c80c2194aff97a5c1c722045e5d00cc.jpg,0,0,0,0,0,1
23-Back_jpg.rf.b4e6d7e8e2bbccfe9f35fc0b215ebcde.jpg,0,1,0,0,0,0
12-Back_jpg.rf.e8f87ff8262e7ced2bc687b7f3eb77ab.jpg,0,0,0,0,0,1
39-Right_jpg.rf.478b599a8b63e38928fa55ee6bf8acf7.jpg,0,1,0,0,0,0
12-Left_jpg.rf.a3327a59ebdba46b02df8a85aabd92d8.jpg,0,1,0,0,0,0
39-Front_jpg.rf.a25c456e0e89f7b9664319507529d9a4.jpg,0,1,0,0,0,0
50-Back_jpg.rf.70e9f035d5318150b0f84f87840c2dd4.jpg,0,1,0,0,0,0
12-Right_jpg.rf.a15684f4041098566838a40c51fb097e.jpg,0,0,0,0,0,1
34-Top-Down_jpg.rf.7f6d70d1f7457a1ced967f95ccc7c2a4.jpg,0,1,0,0,0,0
24-Right_jpg.rf.8b3c1768203eb3a81f49a8d40d5b8df5.jpg,0,1,0,0,0,0
57-Back_jpg.rf.3d2d7ad6695bb931bf52609f11cdfb7e.jpg,0,1,0,0,0,0
39-Top-Down_jpg.rf.5d213c29a2efe1ebc23ebf8abe492e29.jpg,0,1,0,0,0,0
34-Left_jpg.rf.ca16f89d12cd8d1bef6843601aef2bb9.jpg,0,1,0,0,0,0
55-Back_jpg.rf.36192d74e87b8dd08e161db17ad3788e.jpg,0,1,0,0,0,0
23-Top-Down_jpg.rf.e36f24dd4ee878fae19cb096c61d4432.jpg,0,0,1,0,0,0
39-Back_jpg.rf.fa8c983946f11456a674557f09808bdd.jpg,0,1,0,0,0,0
39-Left_jpg.rf.2920bc938771185cf299c0657ecdafb3.jpg,0,1,0,0,0,0
2-Top-Down_jpg.rf.f0a59c1f200433320ce5c816033e61d0.jpg,0,1,0,0,0,0
12-Right_jpg.rf.0a8f63686ab936a55e08230ab4dc8927.jpg,0,1,0,0,0,0
34-Back_jpg.rf.c6031326ed23ee6240caa6d927400024.jpg,0,1,0,0,0,0
34-Right_jpg.rf.e47609c2e37359498b04bf68588014c3.jpg,0,1,0,0,0,0
3-Back_jpg.rf.bd7822b38011befbf49b024d3e1e9b58.jpg,0,0,0,0,0,1
11-Top-Down_jpg.rf.bfb5ae23d5cfebb374e73b05455c1fa6.jpg,0,0,0,0,0,1
3-Front_jpg.rf.a70cf92a94139bd7a70617e2c0f054c0.jpg,0,0,0,0,0,1
9-Front_jpg.rf.73199a94a1cbb564837f516de777daa6.jpg,0,0,0,0,0,1
2-Right_jpg.rf.dd43f7c3084c7446a50f1fe91bc5a7ac.jpg,0,0,0,0,0,1
55-Left_jpg.rf.318a2788d0d7ae67be13e7c0171dbd0a.jpg,0,1,0,0,0,0
55-Front_jpg.rf.46c20fdc2640a68f905935d94ecc1cb1.jpg,0,1,0,0,0,0
33-Top-Down_jpg.rf.e6ea4ca51c373ce70f2c056bdddca9aa.jpg,0,1,0,0,0,0
7-Top-Down_jpg.rf.001b2de368ba34604b458db57178b673.jpg,0,0,0,0,0,1
9-Right_jpg.rf.73692d557ceadf5dcf84e81f67bcb7c5.jpg,0,0,0,0,0,1
11-Back_jpg.rf.78fc77c67f70a92c3283c6c0015cbcab.jpg,0,0,0,0,1,0
12-Top-Down_jpg.rf.a5b76ad2c7d3021168129469c7579030.jpg,0,1,0,0,0,0
6-Top-Down_jpg.rf.75b05a111a039efd7fa0804b811914e7.jpg,0,0,0,0,0,1
9-Top-Down_jpg.rf.3e2f910bf095ec0f5ccfb7af35e46197.jpg,0,0,0,0,0,1
7-Back_jpg.rf.24ec61069e49f564bc875c2ff462ad40.jpg,0,0,0,0,0,1
1-Back_jpg.rf.a7a9798ceef76b9cd327b29a9ff1c762.jpg,0,0,0,0,0,1
3-Left_jpg.rf.ebd4b056094047588b9ace58eb4fe968.jpg,0,0,0,0,0,1
3-Top-Down_jpg.rf.f7d99088a88f1307cd413e8cb3762aa0.jpg,0,0,0,0,0,1
36-Front_jpg.rf.57fa3999a39c99bb0fa9e0b0b884d099.jpg,0,1,0,0,0,0
7-Left_jpg.rf.8a200e3d1b9e9c6c817848fa65fbd95a.jpg,0,0,0,0,0,1
9-Left_jpg.rf.ebd00da4c5b85d8dcb7418b14f0c4883.jpg,0,0,0,0,0,1
8-Right_jpg.rf.43f191d71bf3a826aefebe9cb7ee786a.jpg,0,0,0,0,0,1
4-Back_jpg.rf.ceabbf580e3e3da0a5e64051f82ca55c.jpg,0,0,0,0,0,1
4-Front_jpg.rf.38e06dccfa4694bba107782b38ed7249.jpg,0,1,0,0,0,0
11-Left_jpg.rf.b0f72eccd99a926a6fb58b0f7878ea23.jpg,0,0,0,0,1,0
54-Back_jpg.rf.fed2419852641e9b705331795060aa40.jpg,0,1,0,0,0,0
38-Left_jpg.rf.b26976556d066346204bd1b113032333.jpg,0,1,0,0,0,0
13-Back_jpg.rf.556b27d65e299650c97663722ae2f1cc.jpg,0,0,0,0,0,1
11-Top-Down_jpg.rf.9a0ebd416a17d79058a1f6ab31429b21.jpg,0,0,0,0,1,0
8-Front_jpg.rf.a467a52b0579c3a7a9ff7fc63d4b4a44.jpg,0,0,0,0,0,1
3-Right_jpg.rf.fd3e15eaa58db505e36c752f8b7127ce.jpg,0,0,0,0,0,1
8-Left_jpg.rf.a14ed13807bb94717b97d1a2c8794950.jpg,0,0,0,0,0,1
15-Right_jpg.rf.2f9a90fb938c06ddc083a0e9f20d8157.jpg,0,0,0,0,0,1
1-Back_jpg.rf.dede0b6932308173f30360bf3e960356.jpg,0,0,0,0,1,0
15-Top-Down_jpg.rf.bee3f2a9fb378e7005d7a007f126aeab.jpg,0,0,0,0,0,1
54-Right_jpg.rf.5ca3d2d76e9db31c1e3c22d6ab0c0add.jpg,0,1,0,0,0,0
13-Left_jpg.rf.69fb71deea7dd9a3416c183f808bc11b.jpg,0,0,0,0,0,1
1-Front_jpg.rf.7b9eba0b068f4342eb0be602569dafd1.jpg,0,0,0,0,1,0